1.654000044 0.403000027 -0.442000031
1.653000116 0.396000028 -0.441000015
1.652000070 0.388000011 -0.441000015
1.654000044 0.381000012 -0.442000031
1.654000044 0.374000013 -0.442000031
1.652000070 0.366000026 -0.441000015
1.655000091 0.359000027 -0.442000031
1.652000070 0.351000011 -0.441000015
1.656000137 0.345000029 -0.442000031
1.658000112 0.337000012 -0.443000019
1.654000044 0.329000026 -0.442000031
1.656000137 0.322000027 -0.442000031
1.659000039 0.315000027 -0.443000019
1.659000039 0.308000028 -0.443000019
1.655000091 0.299000025 -0.442000031
1.656000137 0.292000026 -0.442000031
1.657000065 0.285000026 -0.443000019
1.657000065 0.277000010 -0.443000019
1.660000086 0.271000028 -0.443000019
1.656000137 0.262000024 -0.442000031
1.660000086 0.256000012 -0.444000036
1.664000034 0.249000013 -0.445000023
1.665000081 0.241000012 -0.444000036
1.665000081 0.234000012 -0.445000023
1.668000102 0.227000013 -0.446000010
1.664000034 0.219000012 -0.445000023
1.663000107 0.211000010 -0.444000036
1.667000055 0.204000011 -0.445000023
1.667000055 0.197000012 -0.445000023
1.663000107 0.188000008 -0.444000036
1.657000065 0.180000007 -0.443000019
1.664000034 0.174000010 -0.444000036
1.665000081 0.166000009 -0.445000023
1.665000081 0.159000009 -0.445000023
1.666000128 0.151000008 -0.445000023
1.668000102 0.144000009 -0.446000010
1.664000034 0.136000007 -0.444000036
1.664000034 0.129000008 -0.444000036
1.660000086 0.121000007 -0.443000019
1.663000107 0.114000008 -0.444000036
1.666000128 0.106000006 -0.445000023
1.666000128 0.099000007 -0.445000023
1.667000055 0.091000006 -0.446000010
1.671000123 0.084000006 -0.446000010
1.671000123 0.077000007 -0.446000010
1.673000097 0.069000006 -0.447000027
1.673000097 0.062000003 -0.447000027
1.671000123 0.054000001 -0.446000010
1.672000051 0.047000002 -0.447000027
1.673000097 0.039000001 -0.447000027
1.676000118 0.032000002 -0.448000014
1.673000097 0.024000000 -0.447000027
1.674000025 0.016000001 -0.447000027
1.674000025 0.009000001 -0.447000027
1.677000046 0.002000000 -0.448000014
1.676000118 -0.005000000 -0.447000027
1.673000097 -0.013000000 -0.447000027
1.673000097 -0.020000001 -0.447000027
1.675000072 -0.028000001 -0.447000027
1.676000118 -0.035000000 -0.448000014
1.677000046 -0.043000001 -0.448000014
1.680000067 -0.051000003 -0.449000031
1.675000072 -0.058000002 -0.447000027
1.679000139 -0.066000000 -0.449000031
1.674000025 -0.073000006 -0.447000027
1.680000067 -0.081000000 -0.449000031
1.679000139 -0.088000007 -0.449000031
1.679000139 -0.096000001 -0.449000031
1.682000041 -0.104000002 -0.449000031
1.678000093 -0.111000009 -0.448000014
1.678000093 -0.119000003 -0.448000014
1.679000139 -0.126000002 -0.448000014
1.680000067 -0.134000003 -0.449000031
1.675000072 -0.141000003 -0.447000027
1.677000046 -0.149000004 -0.448000014
1.677000046 -0.156000003 -0.448000014
1.681000113 -0.164000005 -0.449000031
1.681000113 -0.171000004 -0.449000031
1.671000123 -0.178000003 -0.446000010
1.679000139 -0.186000004 -0.448000014
1.682000041 -0.195000008 -0.449000031
1.686000109 -0.203000009 -0.450000018
1.685000062 -0.210000008 -0.450000018
1.685000062 -0.218000010 -0.450000018
1.690000057 -0.226000011 -0.451000035
1.686000109 -0.233000010 -0.451000035
1.687000036 -0.241000012 -0.451000035
1.686000109 -0.248000011 -0.450000018
1.685000062 -0.255000025 -0.450000018
1.688000083 -0.263999999 -0.451000035
1.688000083 -0.271000028 -0.451000035
1.691000104 -0.279000014 -0.452000022
1.688000083 -0.286000013 -0.451000035
1.685000062 -0.293000013 -0.450000018
1.687000036 -0.301000029 -0.451000035
1.692000031 -0.310000002 -0.452000022
1.692000031 -0.318000019 -0.452000022
1.691000104 -0.325000018 -0.452000022
1.690000057 -0.333000004 -0.452000022
1.694000125 -0.341000021 -0.453000009
1.692000031 -0.348000020 -0.452000022
1.693000078 -0.356000006 -0.452000022
1.695000052 -0.364000022 -0.453000009
1.692000031 -0.371000022 -0.452000022
1.693000078 -0.379000008 -0.453000009
1.697000027 -0.387000024 -0.453000009
1.695000052 -0.395000011 -0.453000009
1.690000057 -0.401000023 -0.451000035
1.694000125 -0.410000026 -0.453000009
1.687000036 -0.415000021 -0.451000035
1.687000036 -0.423000008 -0.451000035
1.688000083 -0.431000024 -0.451000035
1.690000057 -0.439000010 -0.452000022
1.698000073 -0.449000031 -0.454000026
1.693000078 -0.455000013 -0.452000022
1.691000104 -0.462000012 -0.451000035
1.681000113 -0.467000008 -0.449000031
1.686000109 -0.476000011 -0.450000018
1.697000027 -0.487000018 -0.453000009
1.697000027 -0.494000018 -0.453000009
1.676000118 -0.496000022 -0.448000014
1.680000067 -0.504000008 -0.449000031
1.700000048 -0.518000007 -0.454000026
1.699000120 -0.525000036 -0.453000009
1.697000027 -0.533000052 -0.453000009
1.701000094 -0.542000055 -0.455000013
1.702000022 -0.550000012 -0.455000013
1.652000070 0.403000027 -0.448000014
1.649000049 0.395000011 -0.448000014
1.652000070 0.388000011 -0.449000031
1.650000095 0.380000025 -0.448000014
1.654000044 0.374000013 -0.449000031
1.648000121 0.365000010 -0.448000014
1.650000095 0.358000010 -0.448000014
1.651000023 0.351000011 -0.448000014
1.652000070 0.344000012 -0.448000014
1.654000044 0.337000012 -0.449000031
1.651000023 0.329000026 -0.448000014
1.653000116 0.321000010 -0.449000031
1.656000137 0.314000010 -0.450000018
1.657000065 0.307000011 -0.450000018
1.657000065 0.300000012 -0.450000018
1.654000044 0.292000026 -0.449000031
1.657000065 0.285000026 -0.450000018
1.660000086 0.278000027 -0.451000035
1.662000060 0.271000028 -0.451000035
1.655000091 0.262000024 -0.449000031
1.656000137 0.255000025 -0.450000018
1.659000039 0.248000011 -0.450000018
1.656000137 0.240000010 -0.450000018
1.659000039 0.233000010 -0.451000035
1.657000065 0.225000009 -0.450000018
1.657000065 0.218000010 -0.450000018
1.662000060 0.211000010 -0.451000035
1.663000107 0.203000009 -0.452000022
1.660000086 0.196000010 -0.451000035
1.661000133 0.188000008 -0.451000035
1.663000107 0.181000009 -0.451000035
1.663000107 0.174000010 -0.452000022
1.667000055 0.166000009 -0.453000009
1.662000060 0.159000009 -0.451000035
1.660000086 0.151000008 -0.451000035
1.666000128 0.144000009 -0.452000022
1.661000133 0.136000007 -0.451000035
1.661000133 0.129000008 -0.451000035
1.663000107 0.121000007 -0.452000022
1.662000060 0.114000008 -0.452000022
1.665000081 0.106000006 -0.452000022
1.666000128 0.099000007 -0.452000022
1.666000128 0.091000006 -0.452000022
1.671000123 0.084000006 -0.454000026
1.669000030 0.076000005 -0.453000009
1.671000123 0.069000006 -0.454000026
1.674000025 0.062000003 -0.455000013
1.674000025 0.054000001 -0.455000013
1.672000051 0.047000002 -0.454000026
1.671000123 0.039000001 -0.454000026
1.672000051 0.031000001 -0.454000026
1.675000072 0.024000000 -0.455000013
1.673000097 0.016000001 -0.454000026
1.673000097 0.009000001 -0.454000026
1.675000072 0.002000000 -0.455000013
1.674000025 -0.005000000 -0.455000013
1.673000097 -0.013000000 -0.454000026
1.675000072 -0.020000001 -0.455000013
1.677000046 -0.028000001 -0.455000013
1.679000139 -0.035000000 -0.456000030
1.677000046 -0.043000001 -0.455000013
1.679000139 -0.051000003 -0.456000030
1.678000093 -0.058000002 -0.456000030
1.679000139 -0.066000000 -0.456000030
1.678000093 -0.073000006 -0.456000030
1.677000046 -0.081000000 -0.455000013
1.681000113 -0.088000007 -0.457000017
1.681000113 -0.096000001 -0.456000030
1.681000113 -0.104000002 -0.457000017
1.677000046 -0.111000009 -0.455000013
1.676000118 -0.118000008 -0.455000013
1.677000046 -0.126000002 -0.455000013
1.680000067 -0.134000003 -0.456000030
1.683000088 -0.142000005 -0.457000017
1.678000093 -0.149000004 -0.456000030
1.678000093 -0.156000003 -0.456000030
1.682000041 -0.164000005 -0.457000017
1.682000041 -0.172000006 -0.457000017
1.673000097 -0.178000003 -0.454000026
1.674000025 -0.186000004 -0.455000013
1.682000041 -0.195000008 -0.457000017
1.683000088 -0.202000007 -0.457000017
1.684000134 -0.210000008 -0.457000017
1.671000123 -0.216000006 -0.454000026
1.678000093 -0.224000007 -0.456000030
1.682000041 -0.232000008 -0.457000017
1.681000113 -0.240000010 -0.457000017
1.681000113 -0.247000009 -0.457000017
1.682000041 -0.255000025 -0.457000017
1.689000130 -0.263999999 -0.459000021
1.688000083 -0.271000028 -0.458000034
1.691000104 -0.279000014 -0.459000021
1.690000057 -0.287000000 -0.459000021
1.687000036 -0.294000000 -0.458000034
1.692000031 -0.303000003 -0.460000008
1.694000125 -0.310000002 -0.460000008
1.690000057 -0.317000002 -0.459000021
1.691000104 -0.325000018 -0.460000008
1.691000104 -0.333000004 -0.459000021
1.692000031 -0.341000021 -0.459000021
1.693000078 -0.348000020 -0.460000008
1.693000078 -0.356000006 -0.460000008
1.694000125 -0.364000022 -0.460000008
1.693000078 -0.371000022 -0.460000008
1.695000052 -0.379000008 -0.460000008
1.697000027 -0.388000011 -0.461000025
1.696000099 -0.395000011 -0.461000025
1.693000078 -0.402000010 -0.460000008
1.682000041 -0.406000018 -0.456000030
1.681000113 -0.414000034 -0.457000017
1.686000109 -0.423000008 -0.457000017
1.683000088 -0.429000020 -0.457000017
1.683000088 -0.437000006 -0.457000017
1.700000048 -0.449000031 -0.462000012
1.697000027 -0.456000030 -0.461000025
1.695000052 -0.463000029 -0.460000008
1.688000083 -0.469000012 -0.458000034
1.689000130 -0.477000028 -0.459000021
1.692000031 -0.485000014 -0.460000008
1.694000125 -0.493000031 -0.460000008
1.690000057 -0.500000000 -0.459000021
1.692000031 -0.508000016 -0.460000008
1.698000073 -0.518000007 -0.461000025
1.697000027 -0.525000036 -0.461000025
1.694000125 -0.532000005 -0.460000008
1.697000027 -0.540000021 -0.461000025
1.698000073 -0.548000038 -0.461000025
1.650000095 0.402000010 -0.455000013
1.646000028 0.394000024 -0.454000026
1.651000023 0.388000011 -0.456000030
1.645000100 0.379000008 -0.454000026
1.653000116 0.374000013 -0.456000030
1.651000023 0.366000026 -0.456000030
1.649000049 0.358000010 -0.455000013
1.653000116 0.351000011 -0.456000030
1.654000044 0.344000012 -0.457000017
1.655000091 0.336000025 -0.457000017
1.653000116 0.329000026 -0.456000030
1.654000044 0.322000027 -0.457000017
1.657000065 0.315000027 -0.457000017
1.658000112 0.307000011 -0.458000034
1.658000112 0.300000012 -0.458000034
1.657000065 0.292000026 -0.457000017
1.658000112 0.285000026 -0.458000034
1.661000133 0.278000027 -0.459000021
1.663000107 0.271000028 -0.459000021
1.657000065 0.263000011 -0.457000017
1.655000091 0.255000025 -0.457000017
1.654000044 0.247000009 -0.457000017
1.654000044 0.240000010 -0.456000030
1.658000112 0.233000010 -0.458000034
1.657000065 0.225000009 -0.457000017
1.653000116 0.217000008 -0.456000030
1.654000044 0.210000008 -0.456000030
1.660000086 0.203000009 -0.458000034
1.663000107 0.196000010 -0.459000021
1.660000086 0.188000008 -0.458000034
1.658000112 0.180000007 -0.458000034
1.666000128 0.174000010 -0.460000008
1.665000081 0.166000009 -0.460000008
1.662000060 0.159000009 -0.459000021
1.664000034 0.151000008 -0.459000021
1.668000102 0.144000009 -0.460000008
1.661000133 0.136000007 -0.458000034
1.661000133 0.129000008 -0.458000034
1.663000107 0.121000007 -0.459000021
1.659000039 0.114000008 -0.458000034
1.657000065 0.106000006 -0.457000017
1.655000091 0.098000005 -0.457000017
1.665000081 0.091000006 -0.459000021
1.668000102 0.084000006 -0.460000008
1.668000102 0.076000005 -0.460000008
1.671000123 0.069000006 -0.461000025
1.675000072 0.062000003 -0.462000012
1.676000118 0.054000001 -0.463000029
1.672000051 0.046000004 -0.461000025
1.671000123 0.039000001 -0.461000025
1.671000123 0.031000001 -0.461000025
1.673000097 0.024000000 -0.462000012
1.672000051 0.016000001 -0.462000012
1.672000051 0.009000001 -0.461000025
1.674000025 0.002000000 -0.462000012
1.674000025 -0.005000000 -0.462000012
1.677000046 -0.013000000 -0.463000029
1.678000093 -0.020000001 -0.463000029
1.679000139 -0.028000001 -0.463000029
1.678000093 -0.035000000 -0.463000029
1.677000046 -0.043000001 -0.463000029
1.678000093 -0.051000003 -0.463000029
1.681000113 -0.058000002 -0.464000016
1.681000113 -0.066000000 -0.464000016
1.680000067 -0.073000006 -0.464000016
1.677000046 -0.081000000 -0.463000029
1.679000139 -0.088000007 -0.464000016
1.678000093 -0.096000001 -0.463000029
1.681000113 -0.104000002 -0.464000016
1.678000093 -0.111000009 -0.463000029
1.679000139 -0.119000003 -0.464000016
1.680000067 -0.126000002 -0.464000016
1.678000093 -0.134000003 -0.463000029
1.680000067 -0.141000003 -0.464000016
1.680000067 -0.149000004 -0.464000016
1.680000067 -0.157000005 -0.464000016
1.683000088 -0.164000005 -0.464000016
1.681000113 -0.172000006 -0.464000016
1.669000030 -0.178000003 -0.461000025
1.670000076 -0.185000002 -0.461000025
1.683000088 -0.195000008 -0.465000033
1.683000088 -0.203000009 -0.465000033
1.680000067 -0.209000006 -0.464000016
1.674000025 -0.216000006 -0.462000012
1.678000093 -0.224000007 -0.463000029
1.683000088 -0.233000010 -0.464000016
1.679000139 -0.240000010 -0.463000029
1.681000113 -0.247000009 -0.464000016
1.683000088 -0.255000025 -0.465000033
1.691000104 -0.263999999 -0.467000008
1.691000104 -0.272000015 -0.467000008
1.692000031 -0.280000001 -0.467000008
1.692000031 -0.287000000 -0.467000008
1.689000130 -0.294000000 -0.466000021
1.693000078 -0.302000016 -0.467000008
1.694000125 -0.310000002 -0.468000025
1.692000031 -0.317000002 -0.467000008
1.689000130 -0.325000018 -0.466000021
1.691000104 -0.333000004 -0.467000008
1.692000031 -0.341000021 -0.467000008
1.691000104 -0.348000020 -0.467000008
1.694000125 -0.356000006 -0.467000008
1.693000078 -0.363000005 -0.467000008
1.694000125 -0.372000009 -0.468000025
1.697000027 -0.380000025 -0.469000012
1.695000052 -0.387000024 -0.468000025
1.692000031 -0.394000024 -0.467000008
1.690000057 -0.401000023 -0.466000021
1.681000113 -0.406000018 -0.464000016
1.691000104 -0.417000026 -0.467000008
1.687000036 -0.423000008 -0.466000021
1.686000109 -0.430000007 -0.465000033
1.682000041 -0.437000006 -0.464000016
1.697000027 -0.448000014 -0.468000025
1.697000027 -0.456000030 -0.468000025
1.695000052 -0.463000029 -0.468000025
1.689000130 -0.469000012 -0.466000021
1.694000125 -0.478000015 -0.468000025
1.692000031 -0.485000014 -0.467000008
1.695000052 -0.494000018 -0.468000025
1.695000052 -0.501000047 -0.468000025
1.699000120 -0.510000050 -0.469000012
1.695000052 -0.516000032 -0.468000025
1.698000073 -0.525000036 -0.469000012
1.698000073 -0.533000052 -0.469000012
1.698000073 -0.541000009 -0.469000012
1.700000048 -0.548000038 -0.469000012
1.651000023 0.403000027 -0.463000029
1.650000095 0.395000011 -0.463000029
1.653000116 0.388000011 -0.463000029
1.655000091 0.382000029 -0.464000016
1.651000023 0.373000026 -0.463000029
1.653000116 0.366000026 -0.464000016
1.654000044 0.359000027 -0.464000016
1.653000116 0.351000011 -0.463000029
1.652000070 0.344000012 -0.463000029
1.655000091 0.337000012 -0.464000016
1.655000091 0.329000026 -0.464000016
1.655000091 0.322000027 -0.464000016
1.656000137 0.315000027 -0.465000033
1.658000112 0.308000028 -0.465000033
1.660000086 0.300000012 -0.465000033
1.661000133 0.293000013 -0.466000021
1.661000133 0.286000013 -0.466000021
1.660000086 0.278000027 -0.466000021
1.661000133 0.271000028 -0.466000021
1.656000137 0.263000011 -0.464000016
1.656000137 0.255000025 -0.465000033
1.657000065 0.248000011 -0.465000033
1.659000039 0.240000010 -0.465000033
1.661000133 0.233000010 -0.466000021
1.662000060 0.226000011 -0.466000021
1.657000065 0.218000010 -0.465000033
1.658000112 0.210000008 -0.465000033
1.658000112 0.203000009 -0.465000033
1.660000086 0.196000010 -0.466000021
1.661000133 0.188000008 -0.466000021
1.661000133 0.181000009 -0.465000033
1.669000030 0.174000010 -0.468000025
1.667000055 0.167000011 -0.468000025
1.666000128 0.159000009 -0.467000008
1.670000076 0.152000010 -0.468000025
1.669000030 0.144000009 -0.468000025
1.670000076 0.137000009 -0.468000025
1.668000102 0.129000008 -0.468000025
1.665000081 0.121000007 -0.467000008
1.666000128 0.114000008 -0.467000008
1.662000060 0.106000006 -0.466000021
1.663000107 0.099000007 -0.466000021
1.663000107 0.091000006 -0.466000021
1.664000034 0.084000006 -0.467000008
1.671000123 0.077000007 -0.469000012
1.673000097 0.069000006 -0.469000012
1.673000097 0.062000003 -0.469000012
1.675000072 0.054000001 -0.470000029
1.677000046 0.047000002 -0.470000029
1.675000072 0.039000001 -0.470000029
1.675000072 0.032000002 -0.470000029
1.675000072 0.024000000 -0.470000029
1.674000025 0.016000001 -0.470000029
1.674000025 0.009000001 -0.469000012
1.675000072 0.002000000 -0.470000029
1.677000046 -0.005000000 -0.470000029
1.677000046 -0.013000000 -0.470000029
1.677000046 -0.020000001 -0.470000029
1.679000139 -0.028000001 -0.471000016
1.678000093 -0.035000000 -0.471000016
1.678000093 -0.043000001 -0.471000016
1.681000113 -0.051000003 -0.472000033
1.683000088 -0.058000002 -0.472000033
1.683000088 -0.066000000 -0.472000033
1.680000067 -0.073000006 -0.471000016
1.682000041 -0.081000000 -0.471000016
1.684000134 -0.089000002 -0.472000033
1.684000134 -0.096000001 -0.472000033
1.681000113 -0.104000002 -0.472000033
1.683000088 -0.111000009 -0.472000033
1.685000062 -0.119000003 -0.473000020
1.685000062 -0.127000004 -0.473000020
1.684000134 -0.134000003 -0.472000033
1.685000062 -0.142000005 -0.473000020
1.683000088 -0.149000004 -0.472000033
1.679000139 -0.156000003 -0.471000016
1.681000113 -0.164000005 -0.471000016
1.679000139 -0.172000006 -0.471000016
1.675000072 -0.179000005 -0.470000029
1.678000093 -0.187000006 -0.471000016
1.679000139 -0.194000006 -0.471000016
1.657000065 -0.199000016 -0.465000033
1.660000086 -0.207000017 -0.466000021
1.681000113 -0.217000008 -0.471000016
1.682000041 -0.225000009 -0.472000033
1.687000036 -0.233000010 -0.473000020
1.688000083 -0.241000012 -0.474000037
1.687000036 -0.248000011 -0.473000020
1.688000083 -0.256000012 -0.473000020
1.692000031 -0.263999999 -0.475000024
1.691000104 -0.272000015 -0.474000037
1.694000125 -0.280000001 -0.475000024
1.693000078 -0.287000000 -0.475000024
1.692000031 -0.295000017 -0.475000024
1.693000078 -0.303000003 -0.475000024
1.693000078 -0.310000002 -0.475000024
1.692000031 -0.318000019 -0.475000024
1.692000031 -0.325000018 -0.474000037
1.694000125 -0.334000021 -0.475000024
1.697000027 -0.342000008 -0.476000011
1.694000125 -0.349000007 -0.475000024
1.696000099 -0.357000023 -0.475000024
1.692000031 -0.363000005 -0.475000024
1.695000052 -0.372000009 -0.475000024
1.699000120 -0.380000025 -0.477000028
1.695000052 -0.387000024 -0.476000011
1.697000027 -0.395000011 -0.476000011
1.689000130 -0.401000023 -0.474000037
1.685000062 -0.407000005 -0.472000033
1.689000130 -0.416000009 -0.474000037
1.695000052 -0.425000012 -0.475000024
1.695000052 -0.433000028 -0.475000024
1.695000052 -0.440000027 -0.475000024
1.701000094 -0.449000031 -0.477000028
1.701000094 -0.457000017 -0.477000028
1.699000120 -0.464000016 -0.477000028
1.695000052 -0.471000016 -0.475000024
1.699000120 -0.480000019 -0.477000028
1.698000073 -0.487000018 -0.476000011
1.699000120 -0.495000035 -0.477000028
1.698000073 -0.502000034 -0.476000011
1.698000073 -0.510000050 -0.476000011
1.698000073 -0.518000007 -0.476000011
1.704000115 -0.527000010 -0.478000015
1.706000090 -0.536000013 -0.479000032
1.706000090 -0.543000042 -0.479000032
1.706000090 -0.550999999 -0.478000015
1.652000070 0.403000027 -0.471000016
1.655000091 0.397000015 -0.472000033
1.655000091 0.389000028 -0.472000033
1.657000065 0.382000029 -0.472000033
1.656000137 0.374000013 -0.472000033
1.655000091 0.367000014 -0.472000033
1.656000137 0.359000027 -0.472000033
1.656000137 0.352000028 -0.472000033
1.659000039 0.345000029 -0.473000020
1.659000039 0.338000029 -0.473000020
1.658000112 0.330000013 -0.473000020
1.657000065 0.322000027 -0.472000033
1.661000133 0.315000027 -0.473000020
1.660000086 0.308000028 -0.473000020
1.667000055 0.301000029 -0.475000024
1.663000107 0.293000013 -0.474000037
1.663000107 0.286000013 -0.474000037
1.664000034 0.279000014 -0.474000037
1.662000060 0.271000028 -0.474000037
1.660000086 0.263000011 -0.473000020
1.659000039 0.256000012 -0.473000020
1.663000107 0.248000011 -0.474000037
1.664000034 0.241000012 -0.474000037
1.663000107 0.234000012 -0.474000037
1.665000081 0.226000011 -0.475000024
1.666000128 0.219000012 -0.474000037
1.666000128 0.211000010 -0.474000037
1.652000070 0.202000007 -0.471000016
1.660000086 0.196000010 -0.473000020
1.668000102 0.189000010 -0.475000024
1.671000123 0.182000011 -0.476000011
1.671000123 0.174000010 -0.476000011
1.676000118 0.168000013 -0.478000015
1.673000097 0.160000011 -0.477000028
1.673000097 0.152000010 -0.476000011
1.672000051 0.144000009 -0.476000011
1.674000025 0.137000009 -0.477000028
1.674000025 0.130000010 -0.477000028
1.669000030 0.122000009 -0.475000024
1.668000102 0.114000008 -0.475000024
1.666000128 0.106000006 -0.475000024
1.671000123 0.099000007 -0.476000011
1.673000097 0.092000008 -0.477000028
1.672000051 0.084000006 -0.476000011
1.674000025 0.077000007 -0.477000028
1.672000051 0.069000006 -0.476000011
1.676000118 0.062000003 -0.478000015
1.677000046 0.054000001 -0.478000015
1.677000046 0.047000002 -0.478000015
1.677000046 0.039000001 -0.478000015
1.678000093 0.032000002 -0.478000015
1.679000139 0.024000000 -0.478000015
1.680000067 0.016000001 -0.479000032
1.680000067 0.009000001 -0.479000032
1.680000067 0.002000000 -0.479000032
1.680000067 -0.005000000 -0.479000032
1.677000046 -0.013000000 -0.478000015
1.677000046 -0.020000001 -0.478000015
1.678000093 -0.028000001 -0.478000015
1.676000118 -0.035000000 -0.478000015
1.678000093 -0.043000001 -0.478000015
1.678000093 -0.051000003 -0.478000015
1.680000067 -0.058000002 -0.479000032
1.688000083 -0.066000000 -0.481000036
1.686000109 -0.073000006 -0.480000019
1.686000109 -0.081000000 -0.480000019
1.689000130 -0.089000002 -0.481000036
1.689000130 -0.097000003 -0.481000036
1.688000083 -0.104000002 -0.481000036
1.694000125 -0.112000003 -0.483000010
1.698000073 -0.120000005 -0.484000027
1.695000052 -0.127000004 -0.483000010
1.691000104 -0.134000003 -0.482000023
0.848000050 -0.071000002 -0.241000012
0.849000037 -0.075000003 -0.241000012
0.850000024 -0.079000004 -0.241000012
1.692000031 -0.165000007 -0.482000023
1.689000130 -0.172000006 -0.481000036
1.691000104 -0.180000007 -0.482000023
1.694000125 -0.188000008 -0.483000010
1.683000088 -0.195000008 -0.480000019
1.690000057 -0.203000009 -0.481000036
1.709000111 -0.213000014 -0.487000018
1.701000094 -0.220000014 -0.484000027
1.697000027 -0.227000013 -0.484000027
1.701000094 -0.235000014 -0.485000014
1.703000069 -0.243000016 -0.485000014
1.707000136 -0.251000017 -0.486000031
1.700000048 -0.258000016 -0.484000027
1.703000069 -0.266000003 -0.485000014
1.707000136 -0.274000019 -0.486000031
1.720000029 -0.284000009 -0.490000010
1.287000060 -0.218000010 -0.366000026
1.695000052 -0.295000017 -0.483000010
1.693000078 -0.303000003 -0.483000010
1.699000120 -0.311000019 -0.484000027
1.702000022 -0.320000023 -0.485000014
1.713000059 -0.329000026 -0.488000035
1.716000080 -0.338000029 -0.489000022
1.709000111 -0.344000012 -0.487000018
1.800000072 -0.370000005 -0.513000011
1.899000049 -0.400000006 -0.542000055
1.903000116 -0.409000009 -0.542000055
1.905000091 -0.418000013 -0.543000042
1.380000114 -0.308000028 -0.393000007
0.852000058 -0.194000006 -0.242000014
0.000000000 0.000000000 0.000000000
0.850000024 -0.201000005 -0.241000012
0.854000032 -0.206000015 -0.242000014
0.852000058 -0.210000008 -0.242000014
1.378000021 -0.346000016 -0.392000020
1.904000044 -0.486000031 -0.543000042
1.902000070 -0.494000018 -0.542000055
0.856000066 -0.226000011 -0.243000016
1.292000055 -0.348000020 -0.368000031
1.717000127 -0.469000012 -0.489000022
1.705000043 -0.474000037 -0.486000031
1.699000120 -0.480000019 -0.484000027
1.701000094 -0.488000035 -0.485000014
1.704000115 -0.496000022 -0.486000031
1.703000069 -0.504000008 -0.485000014
1.705000043 -0.512000024 -0.485000014
1.710000038 -0.521000028 -0.487000018
1.905000091 -0.589000046 -0.543000042
1.479000092 -0.464000016 -0.422000021
1.048000097 -0.334000021 -0.300000012
1.045000076 -0.337000012 -0.299000025
1.654000044 0.403000027 -0.478000015
1.660000086 0.398000032 -0.480000019
0.832000017 0.195000008 -0.240000010
0.844000041 0.195000008 -0.243000016
0.829000056 0.188000008 -0.239000008
0.829000056 0.184000015 -0.239000008
0.830000043 0.180000007 -0.239000008
0.829000056 0.176000014 -0.239000008
0.833000064 0.173000008 -0.240000010
0.834000051 0.170000002 -0.240000010
0.837000012 0.166000009 -0.241000012
0.832000017 0.162000000 -0.240000010
1.259000063 0.239000008 -0.364000022
1.258000016 0.234000012 -0.364000022
1.460000038 0.265000015 -0.423000008
0.000000000 0.000000000 0.000000000
1.667000055 0.287000000 -0.482000023
1.674000025 0.280000001 -0.484000027
1.672000051 0.273000002 -0.484000027
1.689000130 0.267000020 -0.489000022
1.693000078 0.261000007 -0.490000010
1.691000104 0.253000021 -0.490000010
1.685000062 0.244000018 -0.487000018
1.672000051 0.235000014 -0.484000027
1.253000021 0.171000004 -0.362000018
1.270000100 0.167000011 -0.367000014
1.686000109 0.214000016 -0.488000035
1.769000053 0.216000006 -0.512000024
1.346000075 0.158000007 -0.389000028
1.863000035 0.212000012 -0.540000021
1.870000124 0.204000011 -0.541000009
1.870000124 0.195000008 -0.541000009
1.872000098 0.187000006 -0.542000055
1.869000077 0.179000005 -0.541000009
1.857000113 0.169000015 -0.538000047
1.862000108 0.161000013 -0.539000034
1.870000124 0.153000012 -0.541000009
1.863000035 0.144000009 -0.539000034
1.351000071 0.099000007 -0.391000032
1.353000045 0.092000008 -0.391000032
1.858000040 0.119000003 -0.538000047
1.860000134 0.110000007 -0.539000034
1.867000103 0.103000008 -0.541000009
1.871000051 0.094000004 -0.542000055
1.860000134 0.085000001 -0.539000034
1.857000113 0.077000007 -0.537000000
1.882000089 0.069000006 -0.545000017
1.883000135 0.061000004 -0.545000017
1.875000119 0.052000001 -0.543000042
1.035000086 0.024000000 -0.300000012
0.512000024 0.009000001 -0.149000004
1.026000023 0.015000001 -0.298000008
1.027000070 0.010000001 -0.298000008
1.029000044 0.006000000 -0.299000025
0.513999999 0.001000000 -0.149000004
1.262000084 -0.004000000 -0.365000010
1.684000134 -0.013000000 -0.487000018
1.678000093 -0.020000001 -0.486000031
1.675000072 -0.028000001 -0.485000014
1.677000046 -0.035000000 -0.485000014
1.678000093 -0.043000001 -0.486000031
1.680000067 -0.051000003 -0.486000031
1.976000071 -0.069000006 -0.572000027
2.032999992 -0.080000006 -0.588000000
2.042999983 -0.089000002 -0.591000021
1.563000083 -0.075000003 -0.453000009
1.561000109 -0.083000004 -0.452000022
2.074000120 -0.119000003 -0.601000011
2.068000078 -0.127000004 -0.599000037
2.068000078 -0.137000009 -0.598000050
2.067000151 -0.146000013 -0.598000050
2.063000202 -0.155000001 -0.597000003
2.074000120 -0.165000007 -0.600000024
2.078999996 -0.175000012 -0.602000058
2.085000038 -0.185000002 -0.604000032
1.045000076 -0.097000003 -0.304000020
1.048000097 -0.102000006 -0.305000007
1.037000060 -0.106000006 -0.301000029
1.539000034 -0.165000007 -0.446000010
2.045000076 -0.227000013 -0.592000008
2.023000002 -0.234000012 -0.585000038
1.526000023 -0.183000013 -0.442000031
0.522000015 -0.064000003 -0.151000008
0.000000000 0.000000000 0.000000000
0.000000000 0.000000000 0.000000000
0.000000000 0.000000000 0.000000000
0.000000000 0.000000000 0.000000000
0.000000000 0.000000000 0.000000000
0.522000015 -0.080000006 -0.152000010
2.030000210 -0.317000002 -0.587000012
2.044000149 -0.329000026 -0.592000008
2.055999994 -0.340000004 -0.595000029
1.032999992 -0.175000012 -0.300000012
1.027999997 -0.179000005 -0.299000025
2.063000202 -0.369000018 -0.597000003
1.552000046 -0.285000026 -0.450000018
2.090000153 -0.393000007 -0.605000019
2.101000071 -0.404000014 -0.608000040
2.088000059 -0.411000013 -0.604000032
2.078999996 -0.418000013 -0.602000058
2.085000038 -0.429000020 -0.604000032
2.099000216 -0.442000031 -0.608000040
2.098000050 -0.450000018 -0.607000053
2.098000050 -0.460000008 -0.607000053
2.095000029 -0.469000012 -0.606000006
2.086000204 -0.476000011 -0.604000032
2.103000164 -0.490000010 -0.609000027
2.104000092 -0.499000013 -0.609000027
2.101999998 -0.508000016 -0.609000027
2.085000038 -0.513000011 -0.603000045
2.093000174 -0.525000036 -0.606000006
2.097000122 -0.535000026 -0.607000053
2.101000071 -0.546000004 -0.608000040
1.580000043 -0.417000026 -0.458000034
0.881000042 -0.238000005 -0.255000025
1.741000056 -0.476000011 -0.504000008
1.713000059 -0.476000011 -0.496000022
1.701000094 -0.480000019 -0.492000014
1.700000048 -0.488000035 -0.492000014
1.701000094 -0.495000035 -0.492000014
1.700000048 -0.503000021 -0.492000014
1.791000128 -0.538000047 -0.518000007
1.526000023 -0.466000021 -0.442000031
2.099000216 -0.649000049 -0.608000040
2.110000134 -0.662000060 -0.611000001
2.108000040 -0.671000004 -0.610000014
2.095000029 -0.676000059 -0.607000053
1.663000107 0.406000018 -0.488000035
1.435000062 0.344000012 -0.422000021
2.021000147 0.475000024 -0.594000041
2.019999981 0.466000021 -0.594000041
2.019999981 0.457000017 -0.594000041
2.024000168 0.448000014 -0.595000029
2.021000147 0.439000010 -0.594000041
2.055999994 0.437000006 -0.604000032
2.065000057 0.430000007 -0.607000053
2.069000006 0.421000034 -0.608000040
2.061000109 0.410000026 -0.606000006
2.030000210 0.395000011 -0.597000003
2.055999994 0.391000032 -0.604000032
2.084000111 0.387000024 -0.613000035
2.069000006 0.374000013 -0.608000040
2.059000015 0.364000022 -0.605000019
2.062000036 0.355000019 -0.606000006
1.554000020 0.260000020 -0.457000017
2.069000006 0.337000012 -0.608000040
2.062000036 0.327000022 -0.606000006
2.063000202 0.318000019 -0.606000006
2.059000015 0.308000028 -0.605000019
2.047000170 0.297000021 -0.602000058
2.032000065 0.286000013 -0.597000003
2.046000004 0.278000027 -0.601000011
2.054000139 0.270000011 -0.604000032
2.054000139 0.261000007 -0.604000032
2.053000212 0.252000004 -0.603000045
2.062000036 0.243000016 -0.606000006
2.064000130 0.234000012 -0.607000053
2.071000099 0.226000011 -0.609000027
2.074000120 0.216000006 -0.609000027
2.072000027 0.207000017 -0.609000027
2.067000151 0.197000012 -0.608000040
2.058000088 0.187000006 -0.605000019
2.068000078 0.179000005 -0.608000040
2.069000006 0.169000015 -0.608000040
2.064000130 0.160000011 -0.607000053
2.047000170 0.149000004 -0.602000058
2.011000156 0.138000011 -0.591000021
2.037000179 0.130000010 -0.599000037
2.032999992 0.121000007 -0.597000003
2.046000004 0.112000003 -0.601000011
2.070000172 0.104000002 -0.608000040
2.057000160 0.094000004 -0.605000019
2.051000118 0.085000001 -0.603000045
2.074000120 0.076000005 -0.610000014
2.077000141 0.067000002 -0.611000001
2.082000017 0.058000002 -0.612000048
2.065000057 0.048000000 -0.607000053
2.057000160 0.039000001 -0.605000019
2.074000120 0.030000001 -0.610000014
2.075000048 0.020000001 -0.610000014
2.076000214 0.011000001 -0.610000014
2.087000132 0.002000000 -0.613000035
0.523000002 -0.001000000 -0.154000014
0.850000024 -0.007000000 -0.250000000
1.679000139 -0.020000001 -0.493000031
1.678000093 -0.028000001 -0.493000031
1.677000046 -0.035000000 -0.493000031
1.676000118 -0.043000001 -0.492000014
1.683000088 -0.051000003 -0.495000035
2.097000122 -0.073000006 -0.616000056
2.097000122 -0.082000002 -0.616000056
2.100000143 -0.092000008 -0.617000043
2.101999998 -0.101000004 -0.618000031
2.086000204 -0.110000007 -0.613000035
2.092000008 -0.120000005 -0.615000010
2.109000206 -0.130000010 -0.620000005
2.111999989 -0.140000001 -0.621000051
2.113000154 -0.150000006 -0.621000051
2.098000050 -0.158000007 -0.617000043
2.100000143 -0.167000011 -0.617000043
2.118000031 -0.178000003 -0.622000039
2.111000061 -0.187000006 -0.620000005
2.105000019 -0.196000010 -0.618000031
2.105000019 -0.206000015 -0.618000031
2.077000141 -0.212000012 -0.610000014
2.070000172 -0.221000016 -0.608000040
2.054000139 -0.229000017 -0.604000032
2.049000025 -0.237000018 -0.602000058
2.044000149 -0.246000007 -0.600000024
2.058000088 -0.256999999 -0.605000019
3.527000189 -0.456000030 -1.037000060
2.651000023 -0.354000002 -0.780000031
0.886000037 -0.122000009 -0.261000007
0.000000000 0.000000000 0.000000000
1.584000111 -0.234000012 -0.466000021
2.108000040 -0.320000023 -0.620000005
2.072000027 -0.324000001 -0.609000027
2.080000162 -0.334000021 -0.611000001
2.075000048 -0.343000025 -0.610000014
2.064000130 -0.351000011 -0.607000053
2.052000046 -0.358000010 -0.603000045
2.045000076 -0.366000026 -0.601000011
2.046000004 -0.375000030 -0.601000011
2.092000008 -0.393000007 -0.615000010
2.108000040 -0.405000031 -0.619000018
2.111999989 -0.416000009 -0.621000051
2.105000019 -0.424000025 -0.619000018
2.093000174 -0.431000024 -0.615000010
2.110000134 -0.444000036 -0.620000005
2.123000145 -0.456000030 -0.624000013
2.127000093 -0.467000008 -0.625000000
2.127000093 -0.476000011 -0.625000000
2.108000040 -0.481000036 -0.619000018
2.104000092 -0.490000010 -0.618000031
2.120000124 -0.503000021 -0.623000026
2.118000031 -0.512000024 -0.622000039
2.109000206 -0.520000041 -0.620000005
2.109000206 -0.529000044 -0.620000005
2.100000143 -0.536000013 -0.617000043
2.114000082 -0.549000025 -0.621000051
2.120000124 -0.560000002 -0.623000026
0.873000026 -0.236000016 -0.256999999
1.738000035 -0.475000024 -0.511000037
1.709000111 -0.475000024 -0.502000034
1.700000048 -0.480000019 -0.499000013
1.701000094 -0.488000035 -0.500000000
1.702000022 -0.496000022 -0.500000000
1.702000022 -0.503000021 -0.500000000
1.800000072 -0.541000009 -0.529000044
1.973000050 -0.601000011 -0.580000043
1.998000145 -0.618000031 -0.587000012
2.093000174 -0.657000005 -0.615000010
2.133000135 -0.679000020 -0.627000034
2.124000072 -0.686000049 -0.624000013
1.667000055 0.407000005 -0.497000009
1.993000150 0.477000028 -0.595000029
2.013000011 0.473000020 -0.601000011
2.009999990 0.463000029 -0.600000024
2.009000063 0.454000026 -0.599000037
2.009999990 0.445000023 -0.600000024
2.050000191 0.445000023 -0.612000048
2.088000059 0.444000036 -0.623000026
2.090000153 0.435000032 -0.624000013
2.093000174 0.426000029 -0.625000000
2.078999996 0.414000034 -0.620000005
2.074000120 0.403000027 -0.619000018
2.086000204 0.397000015 -0.622000039
2.096000195 0.389000028 -0.625000000
2.100000143 0.380000025 -0.626000047
2.099000216 0.370000005 -0.626000047
2.078000069 0.357000023 -0.620000005
2.071000099 0.347000003 -0.618000031
2.090000153 0.341000021 -0.624000013
2.097000122 0.332000017 -0.626000047
2.099000216 0.323000014 -0.626000047
2.093000174 0.313000023 -0.624000013
2.064000130 0.299000025 -0.616000056
2.071000099 0.291000009 -0.618000031
2.097000122 0.285000026 -0.626000047
2.098000050 0.276000023 -0.626000047
2.097000122 0.266000003 -0.626000047
2.080000162 0.255000025 -0.621000051
2.077000141 0.245000005 -0.620000005
2.101000071 0.238000005 -0.627000034
2.101999998 0.229000017 -0.627000034
2.103000164 0.220000014 -0.627000034
2.104000092 0.210000008 -0.628000021
2.080000162 0.199000016 -0.620000005
2.085000038 0.189000010 -0.622000039
2.103000164 0.182000011 -0.627000034
2.101999998 0.172000006 -0.627000034
2.104000092 0.163000003 -0.628000021
2.054000139 0.150000006 -0.613000035
2.016000032 0.138000011 -0.601000011
2.017000198 0.129000008 -0.602000058
2.016000032 0.120000005 -0.601000011
2.048000097 0.112000003 -0.611000001
2.099000216 0.106000006 -0.626000047
2.078000069 0.095000006 -0.620000005
2.081000090 0.086000003 -0.621000051
2.105000019 0.078000002 -0.628000021
2.108000040 0.068000004 -0.629000008
2.110000134 0.059000004 -0.629000008
2.078999996 0.049000002 -0.620000005
2.071000099 0.039000001 -0.618000031
2.110000134 0.031000001 -0.629000008
2.113000154 0.021000002 -0.630000055
2.110000134 0.012000000 -0.629000008
2.097000122 0.002000000 -0.626000047
1.043000102 -0.002000000 -0.311000019
0.852000058 -0.007000000 -0.254000008
1.678000093 -0.020000001 -0.501000047
1.676000118 -0.028000001 -0.500000000
1.677000046 -0.035000000 -0.500000000
1.678000093 -0.043000001 -0.501000047
1.684000134 -0.051000003 -0.503000021
2.105000019 -0.073000006 -0.628000021
2.113000154 -0.083000004 -0.630000055
2.115000010 -0.092000008 -0.631000042
2.110000134 -0.102000006 -0.630000055
2.094000101 -0.110000007 -0.625000000
2.090000153 -0.120000005 -0.624000013
2.115000010 -0.130000010 -0.631000042
2.117000103 -0.140000001 -0.632000029
2.117000103 -0.150000006 -0.632000029
2.111000061 -0.159000009 -0.630000055
2.093000174 -0.167000011 -0.624000013
2.123000145 -0.179000005 -0.633000016
2.123000145 -0.188000008 -0.633000016
2.122000217 -0.198000014 -0.633000016
2.109000206 -0.206000015 -0.629000008
2.084000111 -0.213000014 -0.622000039
2.064000130 -0.220000014 -0.616000056
2.041000128 -0.227000013 -0.609000027
2.032999992 -0.235000014 -0.607000053
2.026000023 -0.244000018 -0.604000032
2.024000168 -0.253000021 -0.604000032
3.148000240 -0.408000022 -0.939000070
3.522000074 -0.472000033 -1.050999999
3.520000219 -0.487000018 -1.050999999
0.000000000 0.000000000 0.000000000
1.052000046 -0.155000001 -0.312000006
1.037000060 -0.158000007 -0.309000015
2.070000172 -0.323000014 -0.617000043
2.041000128 -0.328000009 -0.609000027
2.063000202 -0.341000021 -0.616000056
2.050000191 -0.348000020 -0.612000048
2.031000137 -0.354000002 -0.606000006
2.024000168 -0.362000018 -0.604000032
2.013000011 -0.369000018 -0.600000024
2.050000191 -0.385000020 -0.612000048
2.119000196 -0.407000005 -0.632000029
2.124000072 -0.418000013 -0.634000003
2.117000103 -0.426000029 -0.631000042
2.093000174 -0.431000024 -0.624000013
2.078999996 -0.437000006 -0.620000005
2.116000175 -0.454000026 -0.631000042
2.111999989 -0.463000029 -0.630000055
2.111999989 -0.473000020 -0.630000055
2.078000069 -0.474000037 -0.620000005
2.078999996 -0.484000027 -0.621000051
2.111999989 -0.501000047 -0.630000055
2.126000166 -0.513999999 -0.634000003
2.118000031 -0.522000015 -0.632000029
2.118000031 -0.531000018 -0.632000029
2.076000214 -0.530000031 -0.619000018
2.072000027 -0.538000047 -0.618000031
1.573000073 -0.415000021 -0.469000012
0.870000064 -0.235000014 -0.260000020
1.737000108 -0.475000024 -0.519000053
1.701000094 -0.472000033 -0.507000029
1.695000052 -0.479000032 -0.506000042
1.699000120 -0.487000018 -0.507000029
1.699000120 -0.495000035 -0.507000029
1.702000022 -0.503000021 -0.508000016
1.808000088 -0.543000042 -0.539000034
1.933000088 -0.589000046 -0.577000022
1.945000052 -0.602000058 -0.580000043
1.964000106 -0.616000056 -0.586000025
2.002000093 -0.637000024 -0.597000003
2.039000034 -0.659000039 -0.608000040
1.664000034 0.406000018 -0.504000008
1.973000050 0.473000020 -0.597000003
1.979000092 0.465000033 -0.599000037
1.970000148 0.454000026 -0.596000016
1.969000101 0.445000023 -0.596000016
1.969000101 0.436000019 -0.596000016
2.009999990 0.436000019 -0.609000027
2.042999983 0.434000015 -0.619000018
2.042999983 0.425000012 -0.619000018
2.049000025 0.417000026 -0.621000051
2.040000200 0.406000018 -0.618000031
2.037000179 0.396000028 -0.616000056
2.057000160 0.391000032 -0.623000026
2.093000174 0.388000011 -0.634000003
2.067000151 0.374000013 -0.626000047
2.077000141 0.367000014 -0.629000008
2.030000210 0.349000007 -0.615000010
2.052000046 0.344000012 -0.621000051
2.083000183 0.339000016 -0.631000042
2.087000132 0.331000030 -0.632000029
2.085000038 0.321000010 -0.632000029
2.081000090 0.311000019 -0.630000055
2.055999994 0.298000008 -0.622000039
2.072000027 0.291000009 -0.627000034
2.090000153 0.284000009 -0.633000016
2.090000153 0.275000006 -0.633000016
2.093000174 0.266000003 -0.634000003
2.054000139 0.252000004 -0.622000039
2.031000137 0.240000010 -0.615000010
2.044000149 0.232000008 -0.619000018
2.051000118 0.224000007 -0.621000051
2.051000118 0.214000016 -0.621000051
2.045000076 0.204000011 -0.619000018
2.022000074 0.193000004 -0.612000048
2.042000055 0.186000004 -0.618000031
2.062000036 0.178000003 -0.624000013
2.061000109 0.169000015 -0.624000013
2.057000160 0.159000009 -0.623000026
1.993000150 0.145000011 -0.603000045
1.970000148 0.135000005 -0.596000016
1.985000134 0.127000004 -0.601000011
1.989000082 0.118000008 -0.602000058
1.992000103 0.109000005 -0.603000045
2.013000011 0.102000006 -0.610000014
2.039000034 0.093000002 -0.617000043
2.016000032 0.083000004 -0.610000014
2.054000139 0.076000005 -0.622000039
2.057000160 0.066000000 -0.622000039
2.063000202 0.058000002 -0.625000000
2.058000088 0.048000000 -0.623000026
2.021000147 0.038000003 -0.612000048
2.046000004 0.029000001 -0.619000018
2.048000097 0.020000001 -0.620000005
2.049000025 0.011000001 -0.620000005
2.032000065 0.002000000 -0.615000010
1.009000063 -0.002000000 -0.305000007
0.853000045 -0.007000000 -0.258000016
1.676000118 -0.020000001 -0.507000029
1.674000025 -0.028000001 -0.507000029
1.677000046 -0.035000000 -0.507000029
1.677000046 -0.043000001 -0.507000029
1.683000088 -0.051000003 -0.509000003
2.025000095 -0.070000000 -0.613000035
2.039000034 -0.080000006 -0.618000031
2.034000158 -0.089000002 -0.616000056
2.027000189 -0.098000005 -0.614000022
2.022000074 -0.106000006 -0.612000048
2.004000187 -0.115000002 -0.607000053
2.008000135 -0.124000005 -0.608000040
2.004000187 -0.133000001 -0.607000053
2.002000093 -0.141000003 -0.606000006
2.008000135 -0.151000008 -0.608000040
2.019999981 -0.161000013 -0.612000048
2.055999994 -0.173000008 -0.623000026
2.055999994 -0.183000013 -0.623000026
2.051000118 -0.191000015 -0.621000051
2.047000170 -0.200000003 -0.620000005
2.032999992 -0.208000004 -0.616000056
2.002000093 -0.214000016 -0.606000006
1.995000124 -0.222000018 -0.604000032
1.985000134 -0.230000004 -0.601000011
1.984000087 -0.239000008 -0.601000011
1.982000113 -0.247000009 -0.600000024
1.996000051 -0.258000016 -0.604000032
1.753000140 -0.235000014 -0.529000044
0.875000060 -0.120000005 -0.263999999
0.000000000 0.000000000 0.000000000
0.000000000 0.000000000 0.000000000
1.022000074 -0.156000003 -0.309000015
2.006000042 -0.313000023 -0.607000053
2.008000135 -0.323000014 -0.608000040
2.007000208 -0.332000017 -0.608000040
2.025000095 -0.344000012 -0.613000035
1.998000145 -0.348000020 -0.605000019
1.999000072 -0.357000023 -0.605000019
1.990000129 -0.365000010 -0.602000058
1.986000061 -0.373000026 -0.601000011
2.002000093 -0.385000020 -0.606000006
2.018000126 -0.397000015 -0.611000001
2.012000084 -0.405000031 -0.609000027
2.016000032 -0.415000021 -0.610000014
1.997000098 -0.420000017 -0.605000019
1.995000124 -0.428000033 -0.604000032
2.000000000 -0.439000010 -0.606000006
2.009000063 -0.450000018 -0.608000040
2.005000114 -0.458000034 -0.607000053
2.001000166 -0.466000021 -0.606000006
1.994000077 -0.473000020 -0.603000045
2.016000032 -0.488000035 -0.611000001
2.011000156 -0.495000035 -0.609000027
2.003000021 -0.503000021 -0.606000006
2.009000063 -0.513000011 -0.608000040
2.000000000 -0.520000041 -0.606000006
1.006000042 -0.265000015 -0.304000020
0.868000031 -0.234000012 -0.263000011
1.732000113 -0.473000020 -0.524000049
1.702000022 -0.473000020 -0.515000045
1.696000099 -0.479000032 -0.513000011
1.697000027 -0.486000031 -0.513999999
1.702000022 -0.496000022 -0.516000032
1.702000022 -0.504000008 -0.515000045
1.764000058 -0.530000031 -0.534000039
1.908000112 -0.581000030 -0.578000009
1.912000060 -0.591000021 -0.579000056
1.912000060 -0.600000024 -0.579000056
1.921000123 -0.611000001 -0.582000017
1.943000078 -0.627000034 -0.588000000
1.660000086 0.405000031 -0.510000050
1.436000109 0.343000025 -0.442000031
1.949000120 0.458000034 -0.599000037
1.943000078 0.448000014 -0.597000003
1.945000052 0.439000010 -0.597000003
1.952000141 0.433000028 -0.600000024
1.958000064 0.425000012 -0.602000058
1.960000038 0.416000009 -0.602000058
1.961000085 0.408000022 -0.603000045
1.969000101 0.401000023 -0.605000019
1.959000111 0.390000015 -0.602000058
1.962000132 0.382000029 -0.603000045
2.004000187 0.381000012 -0.616000056
2.018000126 0.374000013 -0.620000005
1.987000108 0.359000027 -0.610000014
1.974000096 0.349000007 -0.607000053
1.971000075 0.339000016 -0.605000019
1.974000096 0.331000030 -0.606000006
1.966000080 0.321000010 -0.604000032
1.982000113 0.314000010 -0.609000027
1.971000075 0.303000003 -0.606000006
1.968000054 0.294000000 -0.605000019
1.968000054 0.285000026 -0.604000032
1.971000075 0.277000010 -0.606000006
1.981000066 0.269000024 -0.608000040
1.986000061 0.261000007 -0.610000014
1.985000134 0.252000004 -0.610000014
1.961000085 0.240000010 -0.603000045
1.964000106 0.232000008 -0.603000045
1.955000043 0.222000018 -0.601000011
1.970000148 0.215000004 -0.605000019
1.967000127 0.206000015 -0.604000032
1.962000132 0.196000010 -0.603000045
1.962000132 0.187000006 -0.603000045
1.977000117 0.180000007 -0.607000053
1.973000050 0.171000004 -0.606000006
1.969000101 0.161000013 -0.605000019
1.968000054 0.152000010 -0.605000019
1.951000094 0.142000005 -0.599000037
1.950000048 0.133000001 -0.599000037
1.960000038 0.125000000 -0.602000058
1.962000132 0.117000006 -0.603000045
1.955000043 0.107000008 -0.601000011
1.955000043 0.099000007 -0.601000011
1.969000101 0.091000006 -0.605000019
1.969000101 0.081000000 -0.605000019
1.969000101 0.073000006 -0.605000019
1.973000050 0.064000003 -0.606000006
1.974000096 0.055000003 -0.606000006
1.967000127 0.046000004 -0.604000032
1.951000094 0.037000000 -0.599000037
1.966000080 0.028000001 -0.604000032
1.974000096 0.020000001 -0.606000006
1.975000143 0.011000001 -0.607000053
1.964000106 0.002000000 -0.603000045
0.982000053 -0.002000000 -0.301000029
0.852000058 -0.007000000 -0.262000024
1.677000046 -0.020000001 -0.515000045
1.676000118 -0.028000001 -0.515000045
1.678000093 -0.035000000 -0.515000045
1.678000093 -0.043000001 -0.515000045
1.692000031 -0.051000003 -0.519000053
1.965000153 -0.068000004 -0.604000032
1.973000050 -0.077000007 -0.606000006
1.972000122 -0.086000003 -0.606000006
1.976000071 -0.095000006 -0.607000053
1.979000092 -0.104000002 -0.608000040
1.973000050 -0.113000005 -0.606000006
1.971000075 -0.122000009 -0.605000019
1.982000113 -0.131000012 -0.609000027
1.979000092 -0.140000001 -0.608000040
1.981000066 -0.149000004 -0.609000027
1.979000092 -0.158000007 -0.608000040
1.973000050 -0.166000009 -0.606000006
1.981000066 -0.176000014 -0.609000027
1.982000113 -0.185000002 -0.609000027
1.985000134 -0.194000006 -0.610000014
1.983000040 -0.203000009 -0.609000027
1.975000143 -0.211000010 -0.607000053
1.964000106 -0.218000010 -0.603000045
1.967000127 -0.228000015 -0.604000032
1.961000085 -0.236000016 -0.602000058
1.965000153 -0.245000005 -0.604000032
1.966000080 -0.254000008 -0.604000032
0.988000035 -0.131000012 -0.303000003
1.761000037 -0.243000016 -0.543000042
1.764000058 -0.252000004 -0.544000030
0.883000016 -0.129000008 -0.272000015
0.507000029 -0.077000007 -0.155000001
2.012000084 -0.314000010 -0.618000031
1.994000077 -0.321000010 -0.613000035
1.979000092 -0.327000022 -0.608000040
1.982000113 -0.336000025 -0.609000027
1.966000080 -0.343000025 -0.604000032
1.975000143 -0.353000015 -0.607000053
1.975000143 -0.362000018 -0.607000053
1.950000048 -0.366000026 -0.599000037
1.955000043 -0.376000017 -0.601000011
1.985000134 -0.391000032 -0.610000014
1.988000035 -0.400000006 -0.611000001
1.993000150 -0.410000026 -0.612000048
1.984000087 -0.417000026 -0.610000014
1.982000113 -0.426000029 -0.609000027
1.984000087 -0.435000032 -0.610000014
1.996000051 -0.447000027 -0.613000035
1.998000145 -0.456000030 -0.614000022
1.991000056 -0.463000029 -0.612000048
1.988000035 -0.472000033 -0.611000001
1.977000117 -0.478000015 -0.607000053
1.988000035 -0.490000010 -0.611000001
1.992000103 -0.500000000 -0.612000048
1.993000150 -0.509000003 -0.612000048
1.996000051 -0.519000053 -0.613000035
1.997000098 -0.527999997 -0.614000022
1.383000016 -0.372000009 -0.426000029
1.730000138 -0.473000020 -0.532000005
1.703000069 -0.473000020 -0.523000002
1.699000120 -0.480000019 -0.522000015
1.696000099 -0.487000018 -0.521000028
1.702000022 -0.496000022 -0.523000002
1.702000022 -0.504000008 -0.523000002
1.770000100 -0.532000005 -0.544000030
1.892000079 -0.577000022 -0.581000030
1.888000131 -0.584000051 -0.580000043
1.884000063 -0.591000021 -0.579000056
1.888000131 -0.601000011 -0.580000043
1.897000074 -0.613000035 -0.583000004
1.659000039 0.405000031 -0.517000020
1.815000057 0.435000032 -0.566000044
1.937000036 0.455000013 -0.604000032
1.940000057 0.447000027 -0.605000019
1.951000094 0.441000015 -0.608000040
1.959000111 0.434000015 -0.611000001
1.969000101 0.427000016 -0.614000022
1.968000054 0.418000013 -0.613000035
1.963000059 0.408000022 -0.612000048
1.959000111 0.399000019 -0.610000014
1.958000064 0.390000015 -0.610000014
1.967000127 0.382000029 -0.613000035
1.963000059 0.373000026 -0.612000048
1.960000038 0.364000022 -0.611000001
1.962000132 0.355000019 -0.612000048
1.959000111 0.346000016 -0.611000001
1.958000064 0.337000012 -0.610000014
1.964000106 0.329000026 -0.612000048
1.970000148 0.321000010 -0.614000022
1.974000096 0.313000023 -0.615000010
1.974000096 0.304000020 -0.615000010
1.962000132 0.293000013 -0.612000048
1.964000106 0.285000026 -0.612000048
1.966000080 0.276000023 -0.613000035
1.970000148 0.268000007 -0.614000022
1.975000143 0.260000020 -0.616000056
1.968000054 0.250000000 -0.613000035
1.960000038 0.240000010 -0.611000001
1.966000080 0.232000008 -0.613000035
1.981000066 0.225000009 -0.617000043
1.979000092 0.215000004 -0.617000043
1.980000138 0.207000017 -0.617000043
1.977000117 0.198000014 -0.616000056
1.967000127 0.188000008 -0.613000035
1.982000113 0.180000007 -0.618000031
1.980000138 0.171000004 -0.617000043
1.981000066 0.162000000 -0.617000043
1.978000045 0.153000012 -0.616000056
1.944000125 0.142000005 -0.606000006
1.935000062 0.131999999 -0.603000045
1.936000109 0.124000005 -0.604000032
1.939000130 0.115000002 -0.604000032
1.952000141 0.107000008 -0.608000040
1.976000071 0.099000007 -0.616000056
1.965000153 0.091000006 -0.613000035
1.967000127 0.081000000 -0.613000035
1.985000134 0.073000006 -0.619000018
1.985000134 0.064000003 -0.619000018
1.984000087 0.055000003 -0.619000018
1.982000113 0.046000004 -0.618000031
1.952000141 0.037000000 -0.608000040
1.974000096 0.028000001 -0.615000010
1.984000087 0.020000001 -0.619000018
1.986000061 0.011000001 -0.619000018
1.983000040 0.002000000 -0.618000031
0.990000069 -0.002000000 -0.309000015
1.723000050 -0.013000000 -0.537000000
1.678000093 -0.020000001 -0.523000002
1.677000046 -0.028000001 -0.523000002
1.678000093 -0.035000000 -0.523000002
1.681000113 -0.043000001 -0.524000049
1.708000064 -0.051000003 -0.532000005
1.975000143 -0.068000004 -0.616000056
1.991000056 -0.078000002 -0.621000051
1.992000103 -0.087000005 -0.621000051
1.994000077 -0.096000001 -0.622000039
1.992000103 -0.105000004 -0.621000051
1.978000045 -0.113000005 -0.617000043
1.975000143 -0.122000009 -0.616000056
1.995000124 -0.131999999 -0.621000051
1.997000098 -0.141000003 -0.622000039
1.998000145 -0.150000006 -0.622000039
1.987000108 -0.158000007 -0.620000005
1.950000048 -0.164000005 -0.608000040
1.988000035 -0.176000014 -0.620000005
1.994000077 -0.186000004 -0.621000051
1.997000098 -0.195000008 -0.622000039
1.999000072 -0.204000011 -0.623000026
1.992000103 -0.213000014 -0.621000051
1.962000132 -0.218000010 -0.612000048
1.955000043 -0.227000013 -0.609000027
1.940000057 -0.233000010 -0.604000032
1.941000104 -0.242000014 -0.605000019
1.938000083 -0.251000017 -0.604000032
1.950000048 -0.261000007 -0.608000040
3.527000189 -0.488000035 -1.100000024
3.534000158 -0.504999995 -1.101999998
3.536000252 -0.521000028 -1.103000045
0.000000000 0.000000000 0.000000000
1.494000077 -0.234000012 -0.465000033
1.975000143 -0.317000002 -0.616000056
1.972000122 -0.326000005 -0.615000010
1.979000092 -0.336000025 -0.617000043
1.989000082 -0.347000003 -0.620000005
1.958000064 -0.350000024 -0.610000014
1.949000120 -0.357000023 -0.608000040
1.935000062 -0.363000005 -0.603000045
1.927000046 -0.370000005 -0.600000024
1.966000080 -0.387000024 -0.613000035
2.005000114 -0.403000027 -0.625000000
2.009000063 -0.413000017 -0.626000047
2.008000135 -0.422000021 -0.626000047
1.999000072 -0.429000020 -0.623000026
1.991000056 -0.436000019 -0.621000051
2.006000042 -0.449000031 -0.625000000
2.013000011 -0.460000008 -0.627000034
2.009999990 -0.468000025 -0.627000034
2.005000114 -0.476000011 -0.625000000
2.003000021 -0.484000027 -0.624000013
1.998000145 -0.492000014 -0.623000026
2.012000084 -0.504999995 -0.627000034
2.013000011 -0.513999999 -0.627000034
2.014000177 -0.523000002 -0.628000021
1.994000077 -0.527000010 -0.621000051
1.875000119 -0.504000008 -0.584000051
1.731000066 -0.473000020 -0.539000034
1.703000069 -0.473000020 -0.531000018
1.701000094 -0.481000036 -0.530000031
1.700000048 -0.488000035 -0.530000031
1.704000115 -0.496000022 -0.531000018
1.707000136 -0.504999995 -0.532000005
1.828000069 -0.549000025 -0.570000052
1.907000065 -0.581000030 -0.595000029
1.877000093 -0.581000030 -0.585000038
1.861000061 -0.584000051 -0.580000043
1.857000113 -0.591000021 -0.579000056
1.864000082 -0.602000058 -0.581000030
1.658000112 0.405000031 -0.524000049
1.796000123 0.430000007 -0.568000019
1.920000076 0.451000035 -0.607000053
1.922000051 0.443000019 -0.608000040
1.960000038 0.443000019 -0.620000005
1.972000122 0.437000006 -0.623000026
1.972000122 0.428000033 -0.623000026
1.974000096 0.420000017 -0.624000013
1.965000153 0.409000009 -0.621000051
1.955000043 0.398000032 -0.618000031
1.972000122 0.392000020 -0.623000026
1.976000071 0.385000020 -0.625000000
1.976000071 0.375000030 -0.625000000
1.977000117 0.367000014 -0.625000000
1.973000050 0.357000023 -0.624000013
1.952000141 0.344000012 -0.617000043
1.974000096 0.339000016 -0.624000013
1.978000045 0.331000030 -0.625000000
1.978000045 0.322000027 -0.625000000
1.976000071 0.313000023 -0.625000000
1.973000050 0.304000020 -0.624000013
1.950000048 0.292000026 -0.616000056
1.972000122 0.286000013 -0.624000013
1.981000066 0.278000027 -0.626000047
1.981000066 0.269000024 -0.626000047
1.981000066 0.261000007 -0.626000047
1.978000045 0.251000017 -0.625000000
1.949000120 0.239000008 -0.616000056
1.975000143 0.233000010 -0.625000000
1.983000040 0.225000009 -0.627000034
1.982000113 0.216000006 -0.627000034
1.982000113 0.207000017 -0.627000034
1.971000075 0.197000012 -0.623000026
1.972000122 0.188000008 -0.623000026
1.987000108 0.181000009 -0.628000021
1.988000035 0.172000006 -0.628000021
1.986000061 0.163000003 -0.628000021
1.960000038 0.152000010 -0.620000005
1.903000116 0.139000013 -0.601000011
1.901000142 0.130000010 -0.601000011
1.912000060 0.122000009 -0.604000032
1.915000081 0.114000008 -0.605000019
1.936000109 0.106000006 -0.612000048
1.981000066 0.100000001 -0.626000047
1.969000101 0.091000006 -0.623000026
1.972000122 0.082000002 -0.624000013
1.990000129 0.074000001 -0.629000008
1.990000129 0.065000005 -0.629000008
1.990000129 0.056000002 -0.629000008
1.988000035 0.047000002 -0.629000008
1.959000111 0.037000000 -0.619000018
1.979000092 0.028000001 -0.626000047
1.991000056 0.020000001 -0.629000008
1.990000129 0.011000001 -0.629000008
1.985000134 0.002000000 -0.628000021
0.990000069 -0.002000000 -0.313000023
1.724000096 -0.013000000 -0.545000017
1.681000113 -0.020000001 -0.531000018
1.677000046 -0.028000001 -0.530000031
1.678000093 -0.035000000 -0.530000031
1.680000067 -0.043000001 -0.531000018
1.700000048 -0.051000003 -0.537000000
1.963000059 -0.068000004 -0.620000005
1.992000103 -0.078000002 -0.630000055
1.994000077 -0.087000005 -0.631000042
1.994000077 -0.096000001 -0.630000055
1.991000056 -0.105000004 -0.629000008
1.981000066 -0.113000005 -0.626000047
1.965000153 -0.121000007 -0.621000051
1.994000077 -0.131999999 -0.630000055
1.995000124 -0.141000003 -0.631000042
1.999000072 -0.150000006 -0.632000029
1.993000150 -0.159000009 -0.630000055
1.959000111 -0.165000007 -0.619000018
1.970000148 -0.175000012 -0.623000026
1.995000124 -0.186000004 -0.631000042
1.998000145 -0.195000008 -0.632000029
2.001000166 -0.204000011 -0.632000029
1.994000077 -0.213000014 -0.630000055
1.973000050 -0.219000012 -0.624000013
1.954000115 -0.226000011 -0.618000031
1.919000149 -0.231000006 -0.607000053
1.919000149 -0.239000008 -0.607000053
1.916000128 -0.247000009 -0.606000006
1.918000102 -0.256999999 -0.606000006
3.117000103 -0.432000011 -0.986000061
3.535000086 -0.504999995 -1.118000031
2.654000044 -0.390000015 -0.838000059
0.000000000 0.000000000 0.000000000
0.494000018 -0.078000002 -0.155000001
1.475000024 -0.237000018 -0.466000021
1.959000111 -0.324000001 -0.619000018
1.968000054 -0.334000021 -0.622000039
1.973000050 -0.344000012 -0.624000013
1.953000069 -0.349000007 -0.618000031
1.925000072 -0.353000015 -0.609000027
1.922000051 -0.361000031 -0.608000040
1.913000107 -0.368000031 -0.605000019
1.905000091 -0.375000030 -0.602000058
1.991000056 -0.401000023 -0.629000008
2.008000135 -0.413000017 -0.635000050
2.008000135 -0.422000021 -0.635000050
2.006000042 -0.431000024 -0.634000003
1.974000096 -0.433000028 -0.624000013
1.975000143 -0.442000031 -0.624000013
2.009000063 -0.459000021 -0.635000050
2.013000011 -0.469000012 -0.636000037
2.013000011 -0.478000015 -0.636000037
2.009000063 -0.486000031 -0.635000050
1.975000143 -0.486000031 -0.624000013
1.977000117 -0.496000022 -0.625000000
2.009000063 -0.513000011 -0.635000050
2.009000063 -0.522000015 -0.635000050
1.993000150 -0.527000010 -0.630000055
1.875000119 -0.504000008 -0.593000054
1.737000108 -0.475000024 -0.549000025
1.711000085 -0.475000024 -0.541000009
1.701000094 -0.480000019 -0.538000047
1.702000022 -0.488000035 -0.538000047
1.705000043 -0.497000009 -0.539000034
1.706000090 -0.504999995 -0.539000034
1.849000096 -0.555000007 -0.584000051
1.948000073 -0.594000041 -0.616000056
1.887000084 -0.584000051 -0.597000003
1.840000033 -0.578000009 -0.582000017
1.830000043 -0.583000004 -0.579000056
1.815000057 -0.586000025 -0.574000001
1.657000065 0.404000014 -0.531000018
1.789000034 0.429000020 -0.574000001
1.895000100 0.445000023 -0.607000053
1.917000055 0.442000031 -0.615000010
1.958000064 0.443000019 -0.628000021
1.960000038 0.434000015 -0.628000021
1.962000132 0.426000029 -0.629000008
1.964000106 0.417000026 -0.630000055
1.934000134 0.402000010 -0.620000005
1.940000057 0.395000011 -0.622000039
1.972000122 0.393000007 -0.632000029
1.976000071 0.384000003 -0.634000003
1.977000117 0.376000017 -0.634000003
1.979000092 0.367000014 -0.634000003
1.961000085 0.355000019 -0.628000021
1.948000073 0.344000012 -0.625000000
1.974000096 0.340000004 -0.633000016
1.977000117 0.331000030 -0.634000003
1.977000117 0.322000027 -0.634000003
1.970000148 0.312000006 -0.632000029
1.946000099 0.300000012 -0.624000013
1.945000052 0.291000009 -0.623000026
1.976000071 0.287000000 -0.633000016
1.981000066 0.278000027 -0.635000050
1.980000138 0.269000024 -0.635000050
1.979000092 0.260000020 -0.634000003
1.970000148 0.250000000 -0.631000042
1.946000099 0.238000005 -0.623000026
1.978000045 0.233000010 -0.634000003
1.976000071 0.224000007 -0.634000003
1.973000050 0.215000004 -0.632000029
1.972000122 0.206000015 -0.632000029
1.949000120 0.195000008 -0.625000000
1.954000115 0.186000004 -0.626000047
1.979000092 0.180000007 -0.634000003
1.979000092 0.171000004 -0.635000050
1.978000045 0.162000000 -0.634000003
1.945000052 0.151000008 -0.624000013
1.875000119 0.137000009 -0.601000011
1.871000051 0.128000006 -0.600000024
1.870000124 0.119000003 -0.600000024
1.886000037 0.112000003 -0.605000019
1.913000107 0.105000004 -0.613000035
1.961000085 0.099000007 -0.629000008
1.943000078 0.089000002 -0.623000026
1.951000094 0.081000000 -0.625000000
1.982000113 0.073000006 -0.635000050
1.980000138 0.064000003 -0.635000050
1.979000092 0.055000003 -0.635000050
1.972000122 0.046000004 -0.632000029
1.925000072 0.036000002 -0.617000043
1.952000141 0.028000001 -0.626000047
1.968000054 0.019000001 -0.631000042
1.968000054 0.010000001 -0.631000042
1.963000059 0.002000000 -0.629000008
0.991000056 -0.002000000 -0.318000019
1.713000059 -0.013000000 -0.549000025
1.680000067 -0.020000001 -0.539000034
1.677000046 -0.028000001 -0.538000047
1.677000046 -0.035000000 -0.537000000
1.679000139 -0.043000001 -0.538000047
1.698000073 -0.051000003 -0.544000030
1.899000049 -0.066000000 -0.609000027
1.949000120 -0.076000005 -0.625000000
1.955000043 -0.085000001 -0.627000034
1.950000048 -0.094000004 -0.625000000
1.947000146 -0.103000008 -0.624000013
1.937000036 -0.111000009 -0.621000051
1.921000123 -0.119000003 -0.616000056
1.963000059 -0.130000010 -0.629000008
1.985000134 -0.140000001 -0.636000037
1.986000061 -0.149000004 -0.637000024
1.985000134 -0.158000007 -0.636000037
1.947000146 -0.164000005 -0.624000013
1.934000134 -0.171000004 -0.620000005
1.961000085 -0.183000013 -0.629000008
1.962000132 -0.192000002 -0.629000008
1.956000090 -0.200000003 -0.627000034
1.947000146 -0.208000004 -0.624000013
1.935000062 -0.215000004 -0.620000005
1.900000095 -0.220000014 -0.609000027
1.893000126 -0.228000015 -0.607000053
1.883000135 -0.235000014 -0.604000032
1.882000089 -0.243000016 -0.604000032
1.881000042 -0.252000004 -0.603000045
1.883000135 -0.260000020 -0.604000032
0.000000000 0.000000000 0.000000000
0.000000000 0.000000000 0.000000000
0.000000000 0.000000000 0.000000000
0.000000000 0.000000000 0.000000000
1.448000073 -0.233000010 -0.465000033
1.916000128 -0.317000002 -0.614000022
1.930000067 -0.328000009 -0.619000018
1.925000072 -0.335000008 -0.617000043
1.927000046 -0.345000029 -0.618000031
1.900000095 -0.348000020 -0.609000027
1.880000114 -0.353000015 -0.603000045
1.887000084 -0.363000005 -0.605000019
1.878000140 -0.370000005 -0.602000058
1.880000114 -0.378000021 -0.602000058
1.940000057 -0.399000019 -0.622000039
1.941000104 -0.408000022 -0.622000039
1.921000123 -0.413000017 -0.616000056
1.911000133 -0.419000030 -0.613000035
1.901000142 -0.425000012 -0.610000014
1.953000069 -0.446000010 -0.626000047
1.959000111 -0.456000030 -0.628000021
1.944000125 -0.461000025 -0.623000026
1.949000120 -0.472000033 -0.625000000
1.930000067 -0.475000024 -0.619000018
1.902000070 -0.477000028 -0.609000027
1.908000112 -0.487000018 -0.612000048
1.911000133 -0.497000009 -0.613000035
1.903000116 -0.503000021 -0.610000014
1.822000146 -0.490000010 -0.584000051
1.730000138 -0.473000020 -0.555000007
1.709000111 -0.475000024 -0.548000038
1.699000120 -0.480000019 -0.544000030
1.703000069 -0.488000035 -0.546000004
1.704000115 -0.496000022 -0.546000004
1.706000090 -0.504999995 -0.547000051
1.762000084 -0.529000044 -0.564999998
1.877000093 -0.572000027 -0.602000058
1.881000042 -0.582000017 -0.603000045
1.842000127 -0.578000009 -0.591000021
1.818000078 -0.579000056 -0.583000004
1.761000037 -0.569000006 -0.564999998
1.663000107 0.406000018 -0.540000021
1.745000124 0.418000013 -0.567000031
1.842000127 0.433000028 -0.599000037
1.860000134 0.429000020 -0.605000019
1.896000147 0.428000033 -0.616000056
1.869000077 0.414000034 -0.607000053
1.869000077 0.406000018 -0.608000040
1.871000051 0.398000032 -0.608000040
1.869000077 0.389000028 -0.608000040
1.877000093 0.382000029 -0.610000014
1.927000046 0.383000016 -0.626000047
1.931000113 0.375000030 -0.628000021
1.935000062 0.368000031 -0.629000008
1.938000083 0.360000014 -0.630000055
1.909000039 0.346000016 -0.620000005
1.905000091 0.336000025 -0.619000018
1.896000147 0.326000005 -0.616000056
1.900000095 0.318000019 -0.617000043
1.904000044 0.310000002 -0.619000018
1.905000091 0.302000016 -0.619000018
1.886000037 0.290000021 -0.613000035
1.887000084 0.282000005 -0.613000035
1.906000137 0.276000023 -0.620000005
1.917000055 0.269000024 -0.623000026
1.917000055 0.261000007 -0.623000026
1.911000133 0.251000017 -0.621000051
1.891000032 0.240000010 -0.615000010
1.891000032 0.231000006 -0.615000010
1.914000034 0.226000011 -0.622000039
1.915000081 0.217000008 -0.622000039
1.875000119 0.204000011 -0.610000014
1.871000051 0.195000008 -0.608000040
1.860000134 0.186000004 -0.605000019
1.865000129 0.178000003 -0.606000006
1.874000072 0.170000002 -0.609000027
1.877000093 0.162000000 -0.610000014
1.885000110 0.154000014 -0.613000035
1.860000134 0.144000009 -0.604000032
1.847000122 0.134000003 -0.600000024
1.852000117 0.127000004 -0.602000058
1.855000138 0.118000008 -0.603000045
1.859000087 0.110000007 -0.604000032
1.866000056 0.102000006 -0.606000006
1.874000072 0.094000004 -0.609000027
1.868000031 0.086000003 -0.607000053
1.870000124 0.078000002 -0.608000040
1.878000140 0.069000006 -0.610000014
1.881000042 0.061000004 -0.611000001
1.880000114 0.052000001 -0.611000001
1.872000098 0.044000003 -0.609000027
1.866000056 0.035000000 -0.606000006
1.867000103 0.027000001 -0.607000053
1.886000037 0.019000001 -0.613000035
1.888000131 0.010000001 -0.614000022
1.879000068 0.002000000 -0.611000001
1.384000063 -0.004000000 -0.450000018
1.712000132 -0.013000000 -0.556000054
1.683000088 -0.020000001 -0.547000051
1.677000046 -0.028000001 -0.545000017
1.677000046 -0.035000000 -0.545000017
1.680000067 -0.043000001 -0.546000004
1.702000022 -0.051000003 -0.553000033
1.848000050 -0.064000003 -0.601000011
1.861000061 -0.073000006 -0.605000019
1.882000089 -0.082000002 -0.611000001
1.880000114 -0.090000004 -0.611000001
1.880000114 -0.099000007 -0.611000001
1.875000119 -0.107000008 -0.609000027
1.871000051 -0.115000002 -0.608000040
1.863000035 -0.124000005 -0.606000006
1.884000063 -0.133000001 -0.612000048
1.886000037 -0.142000005 -0.613000035
1.871000051 -0.149000004 -0.608000040
1.883000135 -0.159000009 -0.612000048
1.865000129 -0.165000007 -0.606000006
1.871000051 -0.174000010 -0.608000040
1.890000105 -0.185000002 -0.614000022
1.895000100 -0.194000006 -0.616000056
1.888000131 -0.201000005 -0.613000035
1.882000089 -0.209000006 -0.612000048
1.848000050 -0.214000016 -0.601000011
1.867000103 -0.224000007 -0.607000053
1.870000124 -0.233000010 -0.608000040
1.868000031 -0.241000012 -0.607000053
1.868000031 -0.250000000 -0.607000053
1.869000077 -0.258000016 -0.607000053
1.416000009 -0.202000007 -0.461000025
1.771000028 -0.261000007 -0.578000009
0.000000000 0.000000000 0.000000000
0.000000000 0.000000000 0.000000000
0.964000046 -0.155000001 -0.312000006
1.929000139 -0.319000006 -0.627000034
1.894000053 -0.322000027 -0.616000056
1.897000074 -0.330000013 -0.617000043
1.876000047 -0.335000008 -0.610000014
1.884000063 -0.345000029 -0.612000048
1.872000098 -0.351000011 -0.608000040
1.877000093 -0.361000031 -0.610000014
1.863000035 -0.367000014 -0.606000006
1.867000103 -0.376000017 -0.607000053
1.869000077 -0.384000003 -0.607000053
1.878000140 -0.395000011 -0.611000001
1.882000089 -0.404000014 -0.612000048
1.886000037 -0.413000017 -0.613000035
1.881000042 -0.421000034 -0.612000048
1.880000114 -0.429000020 -0.611000001
1.890000105 -0.440000027 -0.614000022
1.890000105 -0.449000031 -0.614000022
1.890000105 -0.457000017 -0.614000022
1.889000058 -0.465000033 -0.614000022
1.879000068 -0.472000033 -0.610000014
1.868000031 -0.477000028 -0.607000053
1.886000037 -0.490000010 -0.613000035
1.889000058 -0.500000000 -0.614000022
1.806000113 -0.485000014 -0.587000012
1.744000077 -0.477000028 -0.567000031
1.706000090 -0.474000037 -0.554000020
1.699000120 -0.480000019 -0.552000046
1.703000069 -0.488000035 -0.553000033
1.702000022 -0.496000022 -0.553000033
1.710000038 -0.506000042 -0.556000054
1.803000093 -0.541000009 -0.586000025
1.879000068 -0.573000014 -0.611000001
1.873000145 -0.580000043 -0.609000027
1.866000056 -0.586000025 -0.607000053
1.817000031 -0.578000009 -0.590000033
1.751000047 -0.564999998 -0.569000006
1.664000034 0.406000018 -0.548000038
1.734000087 0.415000021 -0.571000040
1.822000146 0.428000033 -0.600000024
1.849000096 0.426000029 -0.609000027
1.854000092 0.419000030 -0.611000001
1.856000066 0.411000013 -0.611000001
1.850000143 0.401000023 -0.610000014
1.842000127 0.392000020 -0.607000053
1.848000050 0.384000003 -0.609000027
1.863000035 0.379000008 -0.614000022
1.867000103 0.371000022 -0.615000010
1.865000129 0.363000005 -0.614000022
1.866000056 0.354000002 -0.615000010
1.858000040 0.345000029 -0.612000048
1.847000122 0.334000021 -0.608000040
1.861000061 0.328000009 -0.613000035
1.862000108 0.320000023 -0.613000035
1.861000061 0.312000006 -0.613000035
1.860000134 0.303000003 -0.613000035
1.859000087 0.295000017 -0.613000035
1.847000122 0.285000026 -0.608000040
1.853000045 0.277000010 -0.611000001
1.846000075 0.268000007 -0.608000040
1.849000096 0.260000020 -0.609000027
1.861000061 0.253000021 -0.613000035
1.851000071 0.243000016 -0.610000014
1.849000096 0.235000014 -0.609000027
1.852000117 0.227000013 -0.610000014
1.857000113 0.219000012 -0.612000048
1.856000066 0.211000010 -0.611000001
1.855000138 0.202000007 -0.611000001
1.859000087 0.194000006 -0.613000035
1.849000096 0.185000002 -0.609000027
1.850000143 0.177000001 -0.609000027
1.855000138 0.169000015 -0.611000001
1.859000087 0.161000013 -0.613000035
1.858000040 0.152000010 -0.612000048
1.841000080 0.143000007 -0.607000053
1.830000043 0.133000001 -0.603000045
1.827000141 0.125000000 -0.602000058
1.839000106 0.118000008 -0.606000006
1.842000127 0.110000007 -0.607000053
1.853000045 0.101000004 -0.610000014
1.855000138 0.093000002 -0.611000001
1.853000045 0.085000001 -0.610000014
1.858000040 0.077000007 -0.612000048
1.865000129 0.069000006 -0.614000022
1.861000061 0.060000002 -0.613000035
1.865000129 0.052000001 -0.615000010
1.862000108 0.044000003 -0.613000035
1.846000075 0.035000000 -0.608000040
1.854000092 0.026000001 -0.610000014
1.866000056 0.018000001 -0.615000010
1.870000124 0.010000001 -0.616000056
1.859000087 0.002000000 -0.613000035
1.825000048 -0.006000000 -0.601000011
1.709000111 -0.013000000 -0.563000023
1.682000041 -0.020000001 -0.554000020
1.677000046 -0.028000001 -0.553000033
1.679000139 -0.035000000 -0.553000033
1.680000067 -0.043000001 -0.553000033
1.697000027 -0.051000003 -0.559000015
1.840000033 -0.064000003 -0.606000006
1.844000101 -0.072000004 -0.607000053
1.869000077 -0.081000000 -0.616000056
1.871000051 -0.090000004 -0.616000056
1.868000031 -0.098000005 -0.615000010
1.866000056 -0.107000008 -0.615000010
1.860000134 -0.115000002 -0.613000035
1.853000045 -0.123000003 -0.611000001
1.871000051 -0.131999999 -0.616000056
1.873000145 -0.141000003 -0.617000043
1.862000108 -0.148000002 -0.613000035
1.870000124 -0.157000005 -0.616000056
1.856000066 -0.164000005 -0.612000048
1.860000134 -0.173000008 -0.613000035
1.875000119 -0.183000013 -0.618000031
1.879000068 -0.192000002 -0.619000018
1.877000093 -0.200000003 -0.618000031
1.877000093 -0.209000006 -0.618000031
1.856000066 -0.214000016 -0.612000048
1.860000134 -0.223000005 -0.613000035
1.847000122 -0.230000004 -0.609000027
1.848000050 -0.239000008 -0.609000027
1.842000127 -0.246000007 -0.607000053
1.839000106 -0.254000008 -0.606000006
1.850000143 -0.263999999 -0.609000027
3.537000179 -0.521000028 -1.166000009
3.536000252 -0.537000000 -1.166000009
0.888000071 -0.138000011 -0.294000000
0.000000000 0.000000000 0.000000000
0.000000000 0.000000000 0.000000000
1.401000023 -0.238000005 -0.461000025
1.866000056 -0.325000018 -0.615000010
1.863000035 -0.333000004 -0.614000022
1.875000119 -0.343000025 -0.618000031
1.856000066 -0.348000020 -0.611000001
1.840000033 -0.354000002 -0.606000006
1.839000106 -0.362000018 -0.606000006
1.836000085 -0.370000005 -0.605000019
1.819000125 -0.374000013 -0.599000037
1.858000040 -0.391000032 -0.612000048
1.886000037 -0.405000031 -0.621000051
1.889000058 -0.414000034 -0.622000039
1.885000110 -0.422000021 -0.621000051
1.876000047 -0.428000033 -0.618000031
1.872000098 -0.436000019 -0.617000043
1.884000063 -0.447000027 -0.621000051
1.892000079 -0.458000034 -0.623000026
1.892000079 -0.466000021 -0.623000026
1.890000105 -0.474000037 -0.623000026
1.869000077 -0.477000028 -0.616000056
1.870000124 -0.486000031 -0.616000056
1.885000110 -0.498000026 -0.621000051
1.799000144 -0.484000027 -0.593000054
1.736000061 -0.474000037 -0.572000027
1.687000036 -0.469000012 -0.556000054
1.695000052 -0.479000032 -0.558000028
1.701000094 -0.488000035 -0.560000002
1.700000048 -0.495000035 -0.560000002
1.716000080 -0.508000016 -0.564999998
1.814000130 -0.545000017 -0.598000050
1.878000140 -0.572000027 -0.619000018
1.866000056 -0.577000022 -0.615000010
1.848000050 -0.580000043 -0.609000027
1.789000034 -0.570000052 -0.590000033
1.744000077 -0.563000023 -0.575000048
1.661000133 0.406000018 -0.555000007
1.720000029 0.412000030 -0.574000001
1.828000069 0.430000007 -0.610000014
1.850000143 0.427000016 -0.618000031
1.853000045 0.419000030 -0.618000031
1.855000138 0.411000013 -0.619000018
1.850000143 0.401000023 -0.618000031
1.835000038 0.390000015 -0.613000035
1.852000117 0.385000020 -0.619000018
1.857000113 0.378000021 -0.620000005
1.857000113 0.369000018 -0.620000005
1.858000040 0.361000031 -0.621000051
1.855000138 0.353000015 -0.620000005
1.836000085 0.340000004 -0.613000035
1.840000033 0.333000004 -0.614000022
1.855000138 0.327000022 -0.619000018
1.857000113 0.319000006 -0.620000005
1.861000061 0.311000019 -0.621000051
1.860000134 0.303000003 -0.621000051
1.846000075 0.292000026 -0.617000043
1.841000080 0.284000009 -0.615000010
1.850000143 0.276000023 -0.618000031
1.860000134 0.269000024 -0.621000051
1.861000061 0.261000007 -0.622000039
1.861000061 0.253000021 -0.622000039
1.848000050 0.243000016 -0.617000043
1.837000132 0.233000010 -0.613000035
1.853000045 0.227000013 -0.619000018
1.858000040 0.219000012 -0.620000005
1.859000087 0.211000010 -0.621000051
1.858000040 0.202000007 -0.621000051
1.862000108 0.194000006 -0.622000039
1.840000033 0.184000015 -0.615000010
1.845000029 0.176000014 -0.616000056
1.865000129 0.169000015 -0.623000026
1.861000061 0.161000013 -0.621000051
1.857000113 0.152000010 -0.620000005
1.830000043 0.141000003 -0.611000001
1.802000046 0.131999999 -0.602000058
1.805000067 0.124000005 -0.603000045
1.812000036 0.116000004 -0.605000019
1.815000057 0.108000003 -0.606000006
1.848000050 0.102000006 -0.617000043
1.861000061 0.094000004 -0.621000051
1.845000029 0.084000006 -0.616000056
1.854000092 0.077000007 -0.619000018
1.868000031 0.069000006 -0.624000013
1.867000103 0.060000002 -0.624000013
1.868000031 0.052000001 -0.624000013
1.863000035 0.044000003 -0.622000039
1.843000054 0.035000000 -0.616000056
1.852000117 0.026000001 -0.619000018
1.868000031 0.018000001 -0.624000013
1.870000124 0.010000001 -0.624000013
1.870000124 0.002000000 -0.625000000
1.847000122 -0.006000000 -0.617000043
1.715000033 -0.013000000 -0.572000027
1.680000067 -0.020000001 -0.561000049
1.678000093 -0.028000001 -0.560000002
1.680000067 -0.035000000 -0.561000049
1.683000088 -0.043000001 -0.562000036
1.701000094 -0.051000003 -0.568000019
1.858000040 -0.064000003 -0.621000051
1.846000075 -0.072000004 -0.617000043
1.869000077 -0.082000002 -0.624000013
1.871000051 -0.090000004 -0.625000000
1.870000124 -0.099000007 -0.625000000
1.871000051 -0.107000008 -0.625000000
1.863000035 -0.115000002 -0.622000039
1.851000071 -0.123000003 -0.618000031
1.873000145 -0.131999999 -0.626000047
1.876000047 -0.141000003 -0.627000034
1.875000119 -0.150000006 -0.626000047
1.874000072 -0.158000007 -0.626000047
1.855000138 -0.164000005 -0.619000018
1.840000033 -0.172000006 -0.615000010
1.875000119 -0.183000013 -0.626000047
1.877000093 -0.192000002 -0.627000034
1.878000140 -0.200000003 -0.627000034
1.879000068 -0.209000006 -0.628000021
1.874000072 -0.217000008 -0.626000047
1.854000092 -0.223000005 -0.619000018
1.856000066 -0.231000006 -0.620000005
1.826000094 -0.236000016 -0.610000014
1.820000052 -0.243000016 -0.608000040
1.813000083 -0.251000017 -0.606000006
1.812000036 -0.259000003 -0.605000019
2.689000130 -0.397000015 -0.898000062
3.539000273 -0.538000047 -1.183000088
1.773000121 -0.275000006 -0.592000008
0.000000000 0.000000000 0.000000000
0.000000000 0.000000000 0.000000000
0.000000000 0.000000000 0.000000000
1.821000099 -0.317000002 -0.608000040
1.831000090 -0.327000022 -0.611000001
1.845000029 -0.338000029 -0.616000056
1.846000075 -0.346000016 -0.616000056
1.824000120 -0.350000024 -0.609000027
1.813000083 -0.357000023 -0.606000006
1.810000062 -0.364000022 -0.604000032
1.802000046 -0.371000022 -0.602000058
1.814000130 -0.382000029 -0.606000006
1.862000108 -0.400000006 -0.622000039
1.888000131 -0.414000034 -0.630000055
1.891000032 -0.423000008 -0.631000042
1.884000063 -0.430000007 -0.629000008
1.867000103 -0.435000032 -0.623000026
1.861000061 -0.442000031 -0.621000051
1.887000084 -0.457000017 -0.630000055
1.891000032 -0.466000021 -0.632000029
1.892000079 -0.475000024 -0.632000029
1.886000037 -0.482000023 -0.630000055
1.870000124 -0.486000031 -0.624000013
1.841000080 -0.487000018 -0.615000010
1.781000137 -0.479000032 -0.595000029
1.725000024 -0.471000016 -0.576000035
1.702000022 -0.473000020 -0.568000019
1.699000120 -0.480000019 -0.567000031
1.706000090 -0.489000022 -0.569000006
1.704000115 -0.496000022 -0.569000006
1.705000043 -0.504000008 -0.569000006
1.747000098 -0.525000036 -0.583000004
1.751000047 -0.534000039 -0.585000038
1.752000093 -0.542000055 -0.585000038
1.768000126 -0.555000007 -0.590000033
1.742000103 -0.555000007 -0.582000017
1.725000024 -0.557000041 -0.576000035
1.661000133 0.405000031 -0.562000036
1.728000045 0.414000034 -0.585000038
1.842000127 0.433000028 -0.623000026
1.850000143 0.426000029 -0.626000047
1.854000092 0.419000030 -0.627000034
1.854000092 0.410000026 -0.627000034
1.840000033 0.399000019 -0.623000026
1.834000111 0.390000015 -0.621000051
1.851000071 0.385000020 -0.627000034
1.857000113 0.378000021 -0.628000021
1.856000066 0.369000018 -0.628000021
1.857000113 0.361000031 -0.628000021
1.848000050 0.351000011 -0.625000000
1.825000048 0.338000029 -0.617000043
1.846000075 0.334000021 -0.624000013
1.858000040 0.328000009 -0.629000008
1.859000087 0.320000023 -0.629000008
1.859000087 0.311000019 -0.629000008
1.855000138 0.302000016 -0.628000021
1.828000069 0.289000005 -0.618000031
1.836000085 0.282000005 -0.621000051
1.858000040 0.278000027 -0.629000008
1.860000134 0.269000024 -0.629000008
1.862000108 0.261000007 -0.630000055
1.864000082 0.253000021 -0.631000042
1.843000054 0.242000014 -0.624000013
1.833000064 0.233000010 -0.620000005
1.855000138 0.227000013 -0.628000021
1.858000040 0.219000012 -0.629000008
1.857000113 0.210000008 -0.628000021
1.858000040 0.202000007 -0.629000008
1.859000087 0.194000006 -0.629000008
1.838000059 0.184000015 -0.622000039
1.859000087 0.177000001 -0.629000008
1.863000035 0.169000015 -0.630000055
1.861000061 0.161000013 -0.630000055
1.853000045 0.152000010 -0.627000034
1.812000036 0.140000001 -0.613000035
1.777000070 0.130000010 -0.601000011
1.775000095 0.122000009 -0.601000011
1.780000091 0.114000008 -0.602000058
1.796000123 0.107000008 -0.608000040
1.832000136 0.101000004 -0.620000005
1.854000092 0.093000002 -0.627000034
1.831000090 0.084000006 -0.620000005
1.847000122 0.076000005 -0.625000000
1.869000077 0.069000006 -0.632000029
1.866000056 0.060000002 -0.631000042
1.865000129 0.052000001 -0.631000042
1.857000113 0.043000001 -0.628000021
1.825000048 0.034000002 -0.617000043
1.844000101 0.026000001 -0.624000013
1.862000108 0.018000001 -0.630000055
1.860000134 0.010000001 -0.630000055
1.861000061 0.002000000 -0.630000055
1.846000075 -0.006000000 -0.624000013
1.720000029 -0.013000000 -0.582000017
1.684000134 -0.020000001 -0.570000052
1.681000113 -0.028000001 -0.569000006
1.679000139 -0.035000000 -0.568000019
1.680000067 -0.043000001 -0.568000019
1.698000073 -0.051000003 -0.574000001
1.847000122 -0.064000003 -0.625000000
1.816000104 -0.071000002 -0.614000022
1.847000122 -0.081000000 -0.625000000
1.861000061 -0.089000002 -0.630000055
1.858000040 -0.098000005 -0.629000008
1.872000098 -0.107000008 -0.634000003
1.865000129 -0.115000002 -0.631000042
1.852000117 -0.123000003 -0.627000034
1.863000035 -0.131999999 -0.631000042
1.873000145 -0.141000003 -0.634000003
1.870000124 -0.149000004 -0.633000016
1.871000051 -0.157000005 -0.633000016
1.858000040 -0.165000007 -0.629000008
1.830000043 -0.170000002 -0.619000018
1.839000106 -0.180000007 -0.623000026
1.860000134 -0.190000013 -0.630000055
1.861000061 -0.199000016 -0.630000055
1.857000113 -0.207000017 -0.629000008
1.850000143 -0.214000016 -0.626000047
1.835000038 -0.220000014 -0.621000051
1.815000057 -0.226000011 -0.614000022
1.794000030 -0.232000008 -0.607000053
1.787000060 -0.239000008 -0.605000019
1.786000133 -0.247000009 -0.604000032
1.786000133 -0.255000025 -0.604000032
1.791000128 -0.263999999 -0.606000006
1.766000032 -0.268000007 -0.596000016
0.000000000 0.000000000 0.000000000
0.000000000 0.000000000 0.000000000
0.899000049 -0.148000002 -0.305000007
1.802000046 -0.306000024 -0.610000014
1.793000102 -0.313000023 -0.607000053
1.793000102 -0.320000023 -0.607000053
1.822000146 -0.334000021 -0.616000056
1.817000031 -0.341000021 -0.615000010
1.814000130 -0.349000007 -0.614000022
1.791000128 -0.352000028 -0.606000006
1.790000081 -0.360000014 -0.606000006
1.787000060 -0.367000014 -0.605000019
1.788000107 -0.376000017 -0.605000019
1.809000134 -0.388000011 -0.612000048
1.879000068 -0.412000030 -0.636000037
1.884000063 -0.422000021 -0.637000024
1.884000063 -0.430000007 -0.637000024
1.863000035 -0.434000015 -0.631000042
1.826000094 -0.433000028 -0.618000031
1.843000054 -0.446000010 -0.623000026
1.857000113 -0.458000034 -0.628000021
1.848000050 -0.464000016 -0.626000047
1.848000050 -0.472000033 -0.625000000
1.833000064 -0.476000011 -0.620000005
1.798000097 -0.475000024 -0.608000040
1.748000026 -0.470000029 -0.592000008
1.724000096 -0.471000016 -0.583000004
1.702000022 -0.473000020 -0.576000035
1.703000069 -0.481000036 -0.576000035
1.703000069 -0.488000035 -0.576000035
1.703000069 -0.496000022 -0.576000035
1.703000069 -0.504000008 -0.576000035
1.703000069 -0.511000037 -0.577000022
1.712000132 -0.522000015 -0.579000056
1.721000075 -0.533000052 -0.582000017
1.722000122 -0.540000021 -0.583000004
1.710000038 -0.544000030 -0.579000056
1.706000090 -0.550999999 -0.577000022
1.658000112 0.404000014 -0.568000019
1.711000085 0.410000026 -0.587000012
1.802000046 0.423000008 -0.618000031
1.815000057 0.418000013 -0.622000039
1.817000031 0.411000013 -0.623000026
1.822000146 0.404000014 -0.625000000
1.812000036 0.393000007 -0.622000039
1.826000094 0.388000011 -0.626000047
1.829000115 0.380000025 -0.627000034
1.836000085 0.373000026 -0.629000008
1.843000054 0.367000014 -0.632000029
1.847000122 0.359000027 -0.633000016
1.823000073 0.346000016 -0.625000000
1.809000134 0.335000008 -0.620000005
1.842000127 0.333000004 -0.631000042
1.851000071 0.327000022 -0.634000003
1.855000138 0.319000006 -0.636000037
1.855000138 0.310000002 -0.636000037
1.843000054 0.301000029 -0.632000029
1.795000076 0.284000009 -0.615000010
1.804000139 0.278000027 -0.619000018
1.818000078 0.272000015 -0.623000026
1.820000052 0.263999999 -0.624000013
1.828000069 0.256999999 -0.627000034
1.828000069 0.249000013 -0.627000034
1.813000083 0.238000005 -0.621000051
1.804000139 0.229000017 -0.618000031
1.826000094 0.224000007 -0.626000047
1.825000048 0.215000004 -0.625000000
1.827000141 0.207000017 -0.626000047
1.831000090 0.200000003 -0.628000021
1.829000115 0.191000015 -0.627000034
1.809000134 0.181000009 -0.620000005
1.820000052 0.174000010 -0.624000013
1.801000118 0.164000005 -0.617000043
1.798000097 0.155000001 -0.617000043
1.794000030 0.147000000 -0.615000010
1.778000116 0.137000009 -0.610000014
1.756000042 0.128000006 -0.602000058
1.757000089 0.120000005 -0.603000045
1.763000131 0.112000003 -0.604000032
1.763000131 0.105000004 -0.604000032
1.780000091 0.098000005 -0.610000014
1.792000055 0.090000004 -0.614000022
1.776000142 0.082000002 -0.609000027
1.779000044 0.074000001 -0.610000014
1.792000055 0.066000000 -0.614000022
1.790000081 0.058000002 -0.613000035
1.790000081 0.050000001 -0.614000022
1.785000086 0.042000003 -0.612000048
1.758000135 0.033000000 -0.603000045
1.776000142 0.026000001 -0.609000027
1.775000095 0.017000001 -0.609000027
1.779000044 0.009000001 -0.610000014
1.781000137 0.002000000 -0.610000014
1.770000100 -0.006000000 -0.607000053
1.708000064 -0.013000000 -0.586000025
1.685000062 -0.020000001 -0.577000022
1.681000113 -0.028000001 -0.577000022
1.679000139 -0.035000000 -0.576000035
1.679000139 -0.043000001 -0.576000035
1.696000099 -0.051000003 -0.581000030
1.775000095 -0.061000004 -0.609000027
1.757000089 -0.069000006 -0.603000045
1.764000058 -0.077000007 -0.605000019
1.777000070 -0.085000001 -0.609000027
1.784000039 -0.094000004 -0.612000048
1.811000109 -0.103000008 -0.621000051
1.813000083 -0.112000003 -0.622000039
1.796000123 -0.119000003 -0.616000056
1.794000030 -0.127000004 -0.615000010
1.800000072 -0.135000005 -0.617000043
1.799000144 -0.143000007 -0.617000043
1.794000030 -0.151000008 -0.615000010
1.790000081 -0.159000009 -0.614000022
1.781000137 -0.166000009 -0.610000014
1.777000070 -0.173000008 -0.609000027
1.782000065 -0.182000011 -0.611000001
1.780000091 -0.190000013 -0.610000014
1.789000034 -0.199000016 -0.613000035
1.790000081 -0.207000017 -0.614000022
1.790000081 -0.215000004 -0.614000022
1.766000032 -0.220000014 -0.605000019
1.768000126 -0.229000017 -0.606000006
1.774000049 -0.237000018 -0.608000040
1.775000095 -0.245000005 -0.608000040
1.771000028 -0.253000021 -0.607000053
1.774000049 -0.261000007 -0.608000040
1.772000074 -0.269000024 -0.608000040
1.785000086 -0.279000014 -0.612000048
1.791000128 -0.288000017 -0.614000022
1.791000128 -0.296000004 -0.614000022
1.800000072 -0.306000024 -0.617000043
1.785000086 -0.311000019 -0.612000048
1.776000142 -0.317000002 -0.609000027
1.790000081 -0.328000009 -0.613000035
1.763000131 -0.331000030 -0.605000019
1.766000032 -0.340000004 -0.606000006
1.774000049 -0.349000007 -0.608000040
1.772000074 -0.357000023 -0.608000040
1.775000095 -0.365000010 -0.609000027
1.767000079 -0.371000022 -0.606000006
1.774000049 -0.381000012 -0.608000040
1.789000034 -0.392000020 -0.614000022
1.793000102 -0.401000023 -0.615000010
1.789000034 -0.408000022 -0.613000035
1.787000060 -0.416000009 -0.613000035
1.772000074 -0.420000017 -0.608000040
1.774000049 -0.429000020 -0.608000040
1.780000091 -0.438000023 -0.610000014
1.791000128 -0.449000031 -0.614000022
1.785000086 -0.456000030 -0.612000048
1.781000137 -0.463000029 -0.611000001
1.766000032 -0.467000008 -0.605000019
1.736000061 -0.467000008 -0.595000029
1.717000127 -0.469000012 -0.588000000
1.702000022 -0.473000020 -0.583000004
1.700000048 -0.480000019 -0.583000004
1.701000094 -0.488000035 -0.583000004
1.702000022 -0.496000022 -0.584000051
1.702000022 -0.504000008 -0.584000051
1.700000048 -0.510000050 -0.582000017
1.701000094 -0.519000053 -0.583000004
1.703000069 -0.527000010 -0.584000051
1.701000094 -0.534000039 -0.583000004
1.701000094 -0.542000055 -0.583000004
1.704000115 -0.550000012 -0.584000051
1.657000065 0.404000014 -0.575000048
1.686000109 0.404000014 -0.585000038
1.732000113 0.407000005 -0.602000058
1.755000114 0.404000014 -0.610000014
1.756000042 0.397000015 -0.610000014
1.743000031 0.386000007 -0.606000006
1.756000042 0.381000012 -0.610000014
1.777000070 0.378000021 -0.617000043
1.779000044 0.370000005 -0.618000031
1.758000135 0.358000010 -0.611000001
1.754000068 0.349000007 -0.609000027
1.755000114 0.341000021 -0.609000027
1.744000077 0.331000030 -0.605000019
1.754000068 0.325000018 -0.609000027
1.761000037 0.319000006 -0.612000048
1.763000131 0.311000019 -0.612000048
1.768000126 0.304000020 -0.614000022
1.769000053 0.296000004 -0.614000022
1.767000079 0.288000017 -0.614000022
1.761000037 0.279000014 -0.612000048
1.757000089 0.270000011 -0.610000014
1.764000058 0.263000011 -0.613000035
1.757000089 0.255000025 -0.610000014
1.761000037 0.247000009 -0.612000048
1.760000110 0.239000008 -0.611000001
1.747000098 0.230000004 -0.607000053
1.750000119 0.222000018 -0.608000040
1.761000037 0.216000006 -0.612000048
1.765000105 0.208000004 -0.613000035
1.768000126 0.200000003 -0.614000022
1.770000100 0.193000004 -0.614000022
1.754000068 0.183000013 -0.609000027
1.752000093 0.175000012 -0.608000040
1.767000079 0.169000015 -0.613000035
1.767000079 0.161000013 -0.613000035
1.750000119 0.152000010 -0.608000040
1.750000119 0.143000007 -0.607000053
1.741000056 0.135000005 -0.605000019
1.732000113 0.126000002 -0.601000011
1.739000082 0.119000003 -0.604000032
1.750000119 0.112000003 -0.608000040
1.750000119 0.104000002 -0.608000040
1.752000093 0.096000001 -0.609000027
1.751000047 0.088000007 -0.608000040
1.741000056 0.080000006 -0.604000032
1.736000061 0.072000004 -0.603000045
1.746000051 0.064000003 -0.606000006
1.745000124 0.056000002 -0.606000006
1.750000119 0.049000002 -0.608000040
1.751000047 0.041000001 -0.608000040
1.738000035 0.033000000 -0.603000045
1.735000134 0.025000000 -0.602000058
1.745000124 0.017000001 -0.606000006
1.746000051 0.009000001 -0.606000006
1.742000103 0.002000000 -0.605000019
1.733000040 -0.005000000 -0.602000058
1.693000078 -0.013000000 -0.588000000
1.682000041 -0.020000001 -0.584000051
1.679000139 -0.028000001 -0.583000004
1.680000067 -0.035000000 -0.583000004
1.679000139 -0.043000001 -0.583000004
1.687000036 -0.051000003 -0.586000025
1.744000077 -0.060000002 -0.606000006
1.735000134 -0.068000004 -0.603000045
1.734000087 -0.076000005 -0.602000058
1.745000124 -0.084000006 -0.606000006
1.765000105 -0.093000002 -0.613000035
1.763000131 -0.101000004 -0.612000048
1.759000063 -0.108000003 -0.611000001
1.750000119 -0.116000004 -0.608000040
1.747000098 -0.123000003 -0.607000053
1.757000089 -0.131999999 -0.610000014
1.755000114 -0.140000001 -0.609000027
1.756000042 -0.148000002 -0.610000014
1.756000042 -0.156000003 -0.610000014
1.753000140 -0.163000003 -0.609000027
1.731000066 -0.169000015 -0.601000011
1.739000082 -0.178000003 -0.604000032
1.753000140 -0.187000006 -0.609000027
1.755000114 -0.195000008 -0.610000014
1.751000047 -0.202000007 -0.608000040
1.750000119 -0.210000008 -0.608000040
1.745000124 -0.218000010 -0.606000006
1.739000082 -0.225000009 -0.604000032
1.754000068 -0.234000012 -0.609000027
1.761000037 -0.243000016 -0.611000001
1.761000037 -0.251000017 -0.611000001
1.756000042 -0.258000016 -0.610000014
1.755000114 -0.266000003 -0.610000014
1.744000077 -0.272000015 -0.606000006
1.752000093 -0.282000005 -0.609000027
1.767000079 -0.292000026 -0.614000022
1.335000038 -0.226000011 -0.464000016
0.890000045 -0.155000001 -0.310000002
1.745000124 -0.312000006 -0.606000006
1.734000087 -0.318000019 -0.602000058
1.742000103 -0.327000022 -0.605000019
1.734000087 -0.333000004 -0.602000058
1.740000129 -0.343000025 -0.604000032
1.753000140 -0.353000015 -0.609000027
1.757000089 -0.362000018 -0.610000014
1.753000140 -0.368000031 -0.609000027
1.743000031 -0.374000013 -0.605000019
1.742000103 -0.382000029 -0.605000019
1.753000140 -0.392000020 -0.609000027
1.754000068 -0.400000006 -0.609000027
1.756000042 -0.409000009 -0.610000014
1.754000068 -0.416000009 -0.609000027
1.746000051 -0.422000021 -0.606000006
1.743000031 -0.429000020 -0.606000006
1.747000098 -0.438000023 -0.607000053
1.747000098 -0.446000010 -0.607000053
1.745000124 -0.453000009 -0.606000006
1.748000026 -0.462000012 -0.607000053
1.730000138 -0.465000033 -0.601000011
1.706000090 -0.466000021 -0.593000054
1.702000022 -0.473000020 -0.591000021
1.702000022 -0.480000019 -0.591000021
1.700000048 -0.488000035 -0.590000033
1.702000022 -0.496000022 -0.591000021
1.704000115 -0.504000008 -0.591000021
1.703000069 -0.512000024 -0.591000021
1.700000048 -0.518000007 -0.590000033
1.700000048 -0.526000023 -0.590000033
1.699000120 -0.533000052 -0.590000033
1.702000022 -0.542000055 -0.591000021
1.704000115 -0.550000012 -0.592000008
1.657000065 0.404000014 -0.583000004
1.674000025 0.401000023 -0.589000046
1.711000085 0.402000010 -0.602000058
1.724000096 0.397000015 -0.606000006
1.715000033 0.388000011 -0.603000045
1.713000059 0.379000008 -0.602000058
1.728000045 0.375000030 -0.608000040
1.738000035 0.369000018 -0.611000001
1.737000108 0.361000031 -0.611000001
1.731000066 0.352000028 -0.609000027
1.727000117 0.344000012 -0.607000053
1.718000054 0.334000021 -0.604000032
1.716000080 0.326000005 -0.604000032
1.728000045 0.320000023 -0.608000040
1.737000108 0.314000010 -0.611000001
1.736000061 0.306000024 -0.611000001
1.738000035 0.299000025 -0.611000001
1.739000082 0.291000009 -0.611000001
1.733000040 0.282000005 -0.609000027
1.733000040 0.275000006 -0.610000014
1.736000061 0.268000007 -0.611000001
1.735000134 0.260000020 -0.610000014
1.729000092 0.251000017 -0.608000040
1.729000092 0.243000016 -0.608000040
1.726000071 0.235000014 -0.607000053
1.725000024 0.227000013 -0.607000053
1.733000040 0.220000014 -0.609000027
1.736000061 0.213000014 -0.611000001
1.736000061 0.205000013 -0.611000001
1.732000113 0.197000012 -0.609000027
1.734000087 0.189000010 -0.610000014
1.723000050 0.180000007 -0.606000006
1.734000087 0.173000008 -0.610000014
1.739000082 0.166000009 -0.612000048
1.739000082 0.158000007 -0.612000048
1.740000129 0.150000006 -0.612000048
1.734000087 0.142000005 -0.610000014
1.722000122 0.133000001 -0.606000006
1.714000106 0.125000000 -0.603000045
1.719000101 0.118000008 -0.605000019
1.730000138 0.111000009 -0.608000040
1.729000092 0.103000008 -0.608000040
1.732000113 0.095000006 -0.609000027
1.730000138 0.087000005 -0.608000040
1.708000064 0.078000002 -0.601000011
1.720000029 0.071000002 -0.605000019
1.730000138 0.064000003 -0.608000040
1.727000117 0.056000002 -0.607000053
1.730000138 0.048000000 -0.608000040
1.731000066 0.040000003 -0.609000027
1.716000080 0.032000002 -0.604000032
1.709000111 0.025000000 -0.601000011
1.702000022 0.017000001 -0.599000037
1.732000113 0.009000001 -0.609000027
1.736000061 0.002000000 -0.610000014
1.719000101 -0.005000000 -0.605000019
1.691000104 -0.013000000 -0.595000029
1.682000041 -0.020000001 -0.592000008
1.679000139 -0.028000001 -0.590000033
1.680000067 -0.035000000 -0.591000021
1.680000067 -0.043000001 -0.591000021
1.687000036 -0.051000003 -0.594000041
1.726000071 -0.060000002 -0.607000053
1.720000029 -0.067000002 -0.605000019
1.721000075 -0.075000003 -0.605000019
1.741000056 -0.084000006 -0.613000035
1.743000031 -0.092000008 -0.613000035
1.741000056 -0.099000007 -0.612000048
1.741000056 -0.107000008 -0.612000048
1.728000045 -0.114000008 -0.608000040
1.724000096 -0.122000009 -0.606000006
1.733000040 -0.130000010 -0.609000027
1.738000035 -0.138000011 -0.611000001
1.739000082 -0.146000013 -0.611000001
1.741000056 -0.154000014 -0.612000048
1.733000040 -0.162000000 -0.610000014
1.722000122 -0.168000013 -0.605000019
1.724000096 -0.176000014 -0.606000006
1.739000082 -0.185000002 -0.612000048
1.737000108 -0.193000004 -0.611000001
1.740000129 -0.201000005 -0.612000048
1.740000129 -0.209000006 -0.612000048
1.732000113 -0.216000006 -0.609000027
1.713000059 -0.221000016 -0.603000045
1.735000134 -0.232000008 -0.610000014
1.739000082 -0.240000010 -0.612000048
1.744000077 -0.249000013 -0.614000022
1.738000035 -0.256000012 -0.611000001
1.732000113 -0.263000011 -0.609000027
1.729000092 -0.270000011 -0.608000040
1.736000061 -0.279000014 -0.610000014
1.741000056 -0.288000017 -0.612000048
1.737000108 -0.295000017 -0.611000001
1.740000129 -0.303000003 -0.612000048
1.747000098 -0.312000006 -0.614000022
1.728000045 -0.317000002 -0.608000040
1.727000117 -0.324000001 -0.607000053
1.724000096 -0.332000017 -0.607000053
1.726000071 -0.340000004 -0.607000053
1.737000108 -0.349000007 -0.611000001
1.738000035 -0.358000010 -0.612000048
1.739000082 -0.366000026 -0.611000001
1.731000066 -0.372000009 -0.609000027
1.727000117 -0.379000008 -0.607000053
1.733000040 -0.388000011 -0.609000027
1.734000087 -0.396000028 -0.610000014
1.736000061 -0.404000014 -0.610000014
1.735000134 -0.412000030 -0.610000014
1.733000040 -0.419000030 -0.610000014
1.724000096 -0.425000012 -0.606000006
1.714000106 -0.430000007 -0.603000045
1.732000113 -0.442000031 -0.609000027
1.739000082 -0.452000022 -0.611000001
1.735000134 -0.458000034 -0.610000014
1.731000066 -0.465000033 -0.609000027
1.718000054 -0.469000012 -0.604000032
1.703000069 -0.473000020 -0.599000037
1.704000115 -0.481000036 -0.599000037
1.705000043 -0.489000022 -0.600000024
1.705000043 -0.497000009 -0.600000024
1.709000111 -0.506000042 -0.601000011
1.706000090 -0.512000024 -0.600000024
1.707000136 -0.520000041 -0.601000011
1.708000064 -0.527999997 -0.601000011
1.707000136 -0.536000013 -0.601000011
1.705000043 -0.543000042 -0.600000024
1.704000115 -0.550000012 -0.599000037
1.660000086 0.405000031 -0.591000021
1.673000097 0.400000006 -0.596000016
1.708000064 0.401000023 -0.608000040
1.708000064 0.394000024 -0.609000027
1.706000090 0.385000020 -0.607000053
1.705000043 0.378000021 -0.607000053
1.701000094 0.369000018 -0.606000006
1.718000054 0.365000010 -0.612000048
1.721000075 0.358000010 -0.613000035
1.720000029 0.350000024 -0.613000035
1.715000033 0.341000021 -0.611000001
1.707000136 0.332000017 -0.608000040
1.701000094 0.323000014 -0.606000006
1.712000132 0.317000002 -0.610000014
1.715000033 0.311000019 -0.611000001
1.717000127 0.303000003 -0.612000048
1.719000101 0.295000017 -0.612000048
1.713000059 0.287000000 -0.610000014
1.704000115 0.278000027 -0.607000053
1.708000064 0.271000028 -0.609000027
1.722000122 0.265000015 -0.613000035
1.720000029 0.256999999 -0.613000035
1.715000033 0.249000013 -0.611000001
1.717000127 0.241000012 -0.612000048
1.713000059 0.233000010 -0.610000014
1.709000111 0.224000007 -0.609000027
1.713000059 0.217000008 -0.610000014
1.719000101 0.210000008 -0.612000048
1.718000054 0.202000007 -0.612000048
1.717000127 0.195000008 -0.611000001
1.719000101 0.187000006 -0.612000048
1.711000085 0.179000005 -0.609000027
1.707000136 0.171000004 -0.608000040
1.717000127 0.164000005 -0.612000048
1.720000029 0.156000003 -0.612000048
1.724000096 0.149000004 -0.614000022
1.722000122 0.141000003 -0.613000035
1.719000101 0.133000001 -0.612000048
1.710000038 0.125000000 -0.609000027
1.714000106 0.117000006 -0.611000001
1.718000054 0.110000007 -0.612000048
1.719000101 0.102000006 -0.612000048
1.720000029 0.094000004 -0.612000048
1.716000080 0.086000003 -0.611000001
1.714000106 0.078000002 -0.610000014
1.716000080 0.071000002 -0.611000001
1.721000075 0.063000001 -0.613000035
1.717000127 0.055000003 -0.611000001
1.720000029 0.048000000 -0.612000048
1.723000050 0.040000003 -0.614000022
1.720000029 0.032000002 -0.612000048
1.717000127 0.025000000 -0.611000001
1.722000122 0.017000001 -0.613000035
1.723000050 0.009000001 -0.614000022
1.721000075 0.002000000 -0.613000035
1.718000054 -0.005000000 -0.612000048
1.697000027 -0.013000000 -0.605000019
1.693000078 -0.021000002 -0.603000045
1.689000130 -0.028000001 -0.601000011
1.689000130 -0.036000002 -0.601000011
1.694000125 -0.043000001 -0.603000045
1.698000073 -0.051000003 -0.605000019
1.723000050 -0.060000002 -0.614000022
1.718000054 -0.067000002 -0.612000048
1.720000029 -0.075000003 -0.613000035
1.724000096 -0.083000004 -0.614000022
1.727000117 -0.091000006 -0.615000010
1.731000066 -0.099000007 -0.617000043
1.727000117 -0.107000008 -0.615000010
1.727000117 -0.114000008 -0.615000010
1.719000101 -0.122000009 -0.612000048
1.725000024 -0.130000010 -0.614000022
1.733000040 -0.138000011 -0.617000043
1.731000066 -0.146000013 -0.617000043
1.730000138 -0.153000012 -0.616000056
1.729000092 -0.161000013 -0.616000056
1.723000050 -0.168000013 -0.613000035
1.724000096 -0.176000014 -0.614000022
1.731000066 -0.185000002 -0.617000043
1.728000045 -0.192000002 -0.616000056
1.733000040 -0.200000003 -0.617000043
1.732000113 -0.208000004 -0.617000043
1.725000024 -0.215000004 -0.614000022
1.725000024 -0.223000005 -0.615000010
1.733000040 -0.232000008 -0.617000043
1.731000066 -0.239000008 -0.616000056
1.732000113 -0.247000009 -0.617000043
1.729000092 -0.254000008 -0.616000056
1.729000092 -0.263000011 -0.616000056
1.727000117 -0.270000011 -0.615000010
1.729000092 -0.278000027 -0.616000056
1.735000134 -0.287000000 -0.618000031
1.726000071 -0.293000013 -0.615000010
1.728000045 -0.301000029 -0.616000056
1.735000134 -0.310000002 -0.618000031
1.728000045 -0.317000002 -0.615000010
1.725000024 -0.324000001 -0.614000022
1.721000075 -0.331000030 -0.613000035
1.723000050 -0.339000016 -0.614000022
1.732000113 -0.349000007 -0.617000043
1.730000138 -0.356000006 -0.616000056
1.726000071 -0.363000005 -0.615000010
1.725000024 -0.370000005 -0.614000022
1.725000024 -0.378000021 -0.614000022
1.721000075 -0.385000020 -0.613000035
1.720000029 -0.393000007 -0.613000035
1.721000075 -0.400000006 -0.613000035
1.728000045 -0.410000026 -0.615000010
1.727000117 -0.418000013 -0.615000010
1.723000050 -0.424000025 -0.613000035
1.731000066 -0.434000015 -0.617000043
1.735000134 -0.443000019 -0.618000031
1.733000040 -0.450000018 -0.617000043
1.730000138 -0.457000017 -0.616000056
1.731000066 -0.465000033 -0.617000043
1.732000113 -0.473000020 -0.617000043
1.731000066 -0.481000036 -0.617000043
1.728000045 -0.488000035 -0.616000056
1.729000092 -0.496000022 -0.615000010
1.735000134 -0.504999995 -0.618000031
1.730000138 -0.512000024 -0.616000056
1.726000071 -0.518000007 -0.615000010
1.727000117 -0.526000023 -0.615000010
1.732000113 -0.536000013 -0.617000043
1.730000138 -0.543000042 -0.616000056
1.721000075 -0.548000038 -0.613000035
1.722000122 -0.556000054 -0.613000035
1.669000030 0.407000005 -0.602000058
1.694000125 0.406000018 -0.611000001
1.702000022 0.400000006 -0.614000022
1.699000120 0.392000020 -0.612000048
1.703000069 0.385000020 -0.614000022
1.702000022 0.377000004 -0.614000022
1.704000115 0.370000005 -0.614000022
1.700000048 0.362000018 -0.613000035
1.709000111 0.356000006 -0.616000056
1.710000038 0.348000020 -0.617000043
1.709000111 0.340000004 -0.616000056
1.703000069 0.331000030 -0.614000022
1.701000094 0.323000014 -0.613000035
1.708000064 0.317000002 -0.616000056
1.707000136 0.309000015 -0.616000056
1.705000043 0.301000029 -0.615000010
1.706000090 0.293000013 -0.615000010
1.706000090 0.286000013 -0.615000010
1.703000069 0.278000027 -0.614000022
1.704000115 0.270000011 -0.614000022
1.707000136 0.263000011 -0.615000010
1.711000085 0.256000012 -0.617000043
1.707000136 0.247000009 -0.616000056
1.712000132 0.241000012 -0.618000031
1.709000111 0.232000008 -0.616000056
1.701000094 0.223000005 -0.613000035
1.706000090 0.216000006 -0.615000010
1.711000085 0.210000008 -0.617000043
1.716000080 0.202000007 -0.619000018
1.714000106 0.194000006 -0.618000031
1.713000059 0.186000004 -0.618000031
1.710000038 0.178000003 -0.617000043
1.710000038 0.171000004 -0.617000043
1.713000059 0.163000003 -0.618000031
1.714000106 0.156000003 -0.618000031
1.718000054 0.148000002 -0.620000005
1.717000127 0.140000001 -0.619000018
1.713000059 0.131999999 -0.618000031
1.710000038 0.125000000 -0.617000043
1.714000106 0.117000006 -0.618000031
1.718000054 0.110000007 -0.619000018
1.715000033 0.102000006 -0.619000018
1.716000080 0.094000004 -0.619000018
1.721000075 0.087000005 -0.621000051
1.714000106 0.078000002 -0.618000031
1.715000033 0.071000002 -0.618000031
1.717000127 0.063000001 -0.619000018
1.715000033 0.055000003 -0.618000031
1.717000127 0.048000000 -0.619000018
1.717000127 0.040000003 -0.619000018
1.716000080 0.032000002 -0.619000018
1.716000080 0.025000000 -0.619000018
1.718000054 0.017000001 -0.620000005
1.717000127 0.009000001 -0.619000018
1.714000106 0.002000000 -0.618000031
1.718000054 -0.005000000 -0.619000018
1.718000054 -0.013000000 -0.619000018
1.719000101 -0.021000002 -0.620000005
1.717000127 -0.029000001 -0.620000005
1.718000054 -0.036000002 -0.619000018
1.719000101 -0.044000003 -0.620000005
1.722000122 -0.052000001 -0.621000051
1.722000122 -0.060000002 -0.621000051
1.718000054 -0.067000002 -0.620000005
1.714000106 -0.075000003 -0.618000031
1.719000101 -0.083000004 -0.620000005
1.722000122 -0.091000006 -0.621000051
1.725000024 -0.099000007 -0.622000039
1.724000096 -0.106000006 -0.622000039
1.724000096 -0.114000008 -0.621000051
1.719000101 -0.121000007 -0.620000005
1.718000054 -0.129000008 -0.620000005
1.723000050 -0.137000009 -0.621000051
1.725000024 -0.145000011 -0.622000039
1.723000050 -0.153000012 -0.622000039
1.728000045 -0.161000013 -0.623000026
1.723000050 -0.168000013 -0.621000051
1.723000050 -0.176000014 -0.622000039
1.728000045 -0.184000015 -0.623000026
1.728000045 -0.192000002 -0.623000026
1.730000138 -0.200000003 -0.624000013
1.729000092 -0.208000004 -0.623000026
1.728000045 -0.215000004 -0.623000026
1.724000096 -0.223000005 -0.622000039
1.727000117 -0.231000006 -0.623000026
1.727000117 -0.239000008 -0.623000026
1.728000045 -0.247000009 -0.623000026
1.727000117 -0.254000008 -0.623000026
1.730000138 -0.263000011 -0.624000013
1.724000096 -0.269000024 -0.622000039
1.726000071 -0.277000010 -0.623000026
1.730000138 -0.286000013 -0.624000013
1.727000117 -0.293000013 -0.623000026
1.729000092 -0.301000029 -0.623000026
1.732000113 -0.309000015 -0.624000013
1.724000096 -0.316000015 -0.622000039
1.725000024 -0.324000001 -0.622000039
1.727000117 -0.332000017 -0.623000026
1.726000071 -0.340000004 -0.622000039
1.728000045 -0.348000020 -0.623000026
1.726000071 -0.355000019 -0.623000026
1.725000024 -0.363000005 -0.622000039
1.727000117 -0.371000022 -0.623000026
1.729000092 -0.379000008 -0.623000026
1.730000138 -0.387000024 -0.624000013
1.732000113 -0.395000011 -0.624000013
1.730000138 -0.403000027 -0.624000013
1.732000113 -0.411000013 -0.624000013
1.732000113 -0.419000030 -0.624000013
1.729000092 -0.426000029 -0.623000026
1.733000040 -0.435000032 -0.625000000
1.734000087 -0.443000019 -0.625000000
1.733000040 -0.450000018 -0.625000000
1.732000113 -0.458000034 -0.624000013
1.731000066 -0.465000033 -0.624000013
1.733000040 -0.474000037 -0.625000000
1.734000087 -0.482000023 -0.625000000
1.737000108 -0.490000010 -0.627000034
1.737000108 -0.498000026 -0.626000047
1.737000108 -0.506000042 -0.626000047
1.737000108 -0.513999999 -0.627000034
1.737000108 -0.522000015 -0.627000034
1.733000040 -0.527999997 -0.625000000
1.733000040 -0.536000013 -0.625000000
1.733000040 -0.544000030 -0.625000000
1.734000087 -0.552000046 -0.625000000
1.734000087 -0.560000002 -0.625000000
1.692000031 0.413000017 -0.618000031
1.696000099 0.406000018 -0.619000018
1.699000120 0.399000019 -0.620000005
1.698000073 0.391000032 -0.620000005
1.699000120 0.384000003 -0.620000005
1.699000120 0.376000017 -0.620000005
1.699000120 0.369000018 -0.620000005
1.697000027 0.361000031 -0.619000018
1.703000069 0.354000002 -0.622000039
1.702000022 0.346000016 -0.621000051
1.705000043 0.339000016 -0.622000039
1.701000094 0.331000030 -0.621000051
1.698000073 0.323000014 -0.620000005
1.703000069 0.316000015 -0.622000039
1.705000043 0.308000028 -0.623000026
1.704000115 0.301000029 -0.622000039
1.702000022 0.293000013 -0.622000039
1.704000115 0.285000026 -0.622000039
1.703000069 0.277000010 -0.622000039
1.703000069 0.270000011 -0.622000039
1.706000090 0.263000011 -0.623000026
1.703000069 0.254000008 -0.622000039
1.704000115 0.247000009 -0.622000039
1.705000043 0.239000008 -0.623000026
1.706000090 0.232000008 -0.623000026
1.703000069 0.224000007 -0.622000039
1.704000115 0.216000006 -0.622000039
1.708000064 0.209000006 -0.624000013
1.705000043 0.201000005 -0.622000039
1.706000090 0.194000006 -0.623000026
1.711000085 0.186000004 -0.625000000
1.707000136 0.178000003 -0.623000026
1.708000064 0.171000004 -0.623000026
1.711000085 0.163000003 -0.625000000
1.711000085 0.155000001 -0.625000000
1.711000085 0.148000002 -0.625000000
1.713000059 0.140000001 -0.625000000
1.710000038 0.131999999 -0.624000013
1.707000136 0.124000005 -0.623000026
1.709000111 0.117000006 -0.624000013
1.715000033 0.109000005 -0.626000047
1.709000111 0.101000004 -0.624000013
1.712000132 0.094000004 -0.625000000
1.717000127 0.086000003 -0.626000047
1.715000033 0.079000004 -0.626000047
1.715000033 0.071000002 -0.626000047
1.717000127 0.063000001 -0.627000034
1.715000033 0.055000003 -0.626000047
1.716000080 0.048000000 -0.626000047
1.714000106 0.040000003 -0.625000000
1.713000059 0.032000002 -0.625000000
1.715000033 0.025000000 -0.626000047
1.716000080 0.017000001 -0.626000047
1.714000106 0.009000001 -0.626000047
1.711000085 0.002000000 -0.625000000
1.716000080 -0.005000000 -0.626000047
1.714000106 -0.013000000 -0.626000047
1.714000106 -0.021000002 -0.625000000
1.715000033 -0.029000001 -0.626000047
1.714000106 -0.036000002 -0.626000047
1.715000033 -0.044000003 -0.626000047
1.720000029 -0.052000001 -0.628000021
1.719000101 -0.060000002 -0.627000034
1.718000054 -0.067000002 -0.627000034
1.717000127 -0.075000003 -0.627000034
1.719000101 -0.083000004 -0.628000021
1.722000122 -0.091000006 -0.629000008
1.723000050 -0.099000007 -0.629000008
1.722000122 -0.106000006 -0.629000008
1.722000122 -0.114000008 -0.628000021
1.718000054 -0.122000009 -0.627000034
1.722000122 -0.129000008 -0.629000008
1.723000050 -0.137000009 -0.629000008
1.723000050 -0.145000011 -0.629000008
1.723000050 -0.153000012 -0.629000008
1.726000071 -0.161000013 -0.630000055
1.720000029 -0.168000013 -0.628000021
1.720000029 -0.176000014 -0.628000021
1.721000075 -0.184000015 -0.629000008
1.725000024 -0.192000002 -0.630000055
1.728000045 -0.200000003 -0.631000042
1.727000117 -0.208000004 -0.631000042
1.727000117 -0.215000004 -0.630000055
1.721000075 -0.222000018 -0.628000021
1.726000071 -0.231000006 -0.630000055
1.725000024 -0.238000005 -0.630000055
1.725000024 -0.246000007 -0.630000055
1.726000071 -0.254000008 -0.630000055
1.727000117 -0.262000024 -0.630000055
1.726000071 -0.270000011 -0.630000055
1.726000071 -0.277000010 -0.630000055
1.724000096 -0.285000026 -0.629000008
1.723000050 -0.292000026 -0.629000008
1.726000071 -0.301000029 -0.630000055
1.725000024 -0.308000028 -0.630000055
1.724000096 -0.316000015 -0.629000008
1.726000071 -0.324000001 -0.630000055
1.725000024 -0.332000017 -0.630000055
1.723000050 -0.339000016 -0.629000008
1.727000117 -0.348000020 -0.631000042
1.728000045 -0.356000006 -0.631000042
1.727000117 -0.363000005 -0.630000055
1.726000071 -0.371000022 -0.630000055
1.728000045 -0.379000008 -0.631000042
1.728000045 -0.387000024 -0.631000042
1.727000117 -0.394000024 -0.631000042
1.729000092 -0.402000010 -0.631000042
1.730000138 -0.411000013 -0.632000029
1.732000113 -0.419000030 -0.632000029
1.730000138 -0.426000029 -0.631000042
1.729000092 -0.433000028 -0.631000042
1.731000066 -0.442000031 -0.632000029
1.730000138 -0.450000018 -0.632000029
1.730000138 -0.458000034 -0.632000029
1.728000045 -0.464000016 -0.631000042
1.730000138 -0.473000020 -0.632000029
1.732000113 -0.481000036 -0.632000029
1.733000040 -0.489000022 -0.633000016
1.733000040 -0.497000009 -0.633000016
1.730000138 -0.504000008 -0.632000029
1.730000138 -0.512000024 -0.632000029
1.734000087 -0.520000041 -0.633000016
1.734000087 -0.529000044 -0.633000016
1.731000066 -0.535000026 -0.632000029
1.732000113 -0.544000030 -0.632000029
1.733000040 -0.552000046 -0.632000029
1.734000087 -0.560000002 -0.633000016
